brandDomain,instagramHandle,followers,followers_growth30d,postCount,publishTime_latest,maxCountry,maxCountryPercent,avgAge,genderManPercent,genderWomanPercent,demographicUpdatedAt,product type
temu.com,tpt_cycling,155494,0.02333421078,2,1776271208000,ESP,0.6519,30.501,0.3711,0.6289,2026-01-11,E-commerce
nike.com,okan.aldikacti,88257,-0.007436043048,1,1776239719000,USA,0.4797,,,,2026-01-11,Sportswear
lancome.com,ashleighuynh,143839,-0.005884596378,3,1776232491000,AUS,0.4975,32.04445,0.233,0.767,2026-01-11,Skincare
samsung.com,ellasandramuse,203735,0.01996217693,1,1776210758000,USA,0.8167,29.16065,0.4807,0.5193,2026-01-11,Smartphone
samsung.com,dadsocial,5759777,0.005339032725,1,1776203308000,USA,0.8044,30.5645,0.2724,0.7276,2026-01-11,Smartphone
adidas.com,nbagleague,1586155,0.001957505449,1,1776197034000,USA,0.8162,31.43435,0.3144,0.6856,2026-01-11,Sportswear
lancome.com,goodlifecarrie,244257,-0.009001306953,1,1776190764000,GBR,0.5194,31.22515,0.1373,0.8627,2026-01-11,Skincare
samsung.com,enchiisaiko,134545,-0.00362587037,5,1776188244000,,,,,,,Smartphone
temu.com,coisinhasdalaisa,491033,0.03139907233,1,1776184265000,,,,,,,E-commerce
maybelline.com,krisiyat,106104,0.02511980213,6,1776179993000,GBR,0.4189,32.74575,0.2122,0.7878,2026-01-11,Cosmetics
nike.com,scottie.scheffler,1951656,0.04674097447,1,1776179396000,USA,0.7951,34.2495,0.2548,0.7452,2026-01-11,Sportswear
temu.com,sharel.plepi,57192,-0.02387738731,10,1776178787000,,,,,,,E-commerce
lancome.com,romi_1006,253316,0.0009008724238,1,1776160543000,JPN,0.822,28.2556,0.2877,0.7123,2026-01-11,Skincare
temu.com,beautycravex,67180,0.00492139235,1,1776130432000,,,,,,,E-commerce
temu.com,casacarolmatias,28790,0.2171817528,1,1776113863000,,,,,,,E-commerce
lancome.com,emeisern,38573,0.0004561211458,4,1776102574000,,,32.5424,0.2765,0.7235,2026-01-11,Skincare
temu.com,mateuspinhogamer_,347855,0.04240615355,1,1776099488000,,,,,,,E-commerce
hm.com,aashnashroff,1041721,,1,1776090758000,USA,0.4797,29.12755,0.3166,0.6834,2026-01-11,Retails
lancome.com,claudiali,88613,,1,1776090281000,,,,,,,Skincare
temu.com,eriketta_life,224133,0.005584621418,1,1776087982000,ITA,0.8449,27.96945,0.3684,0.6316,2026-01-11,E-commerce
temu.com,what_riya_does,42603,-0.001983104286,1,1776084284000,,,,,,,E-commerce
temu.com,uradisamaideje,101982,0.009552847541,2,1776084039000,USA,0.2788,33.808,0.332,0.668,2026-01-11,E-commerce
maybelline.com,suki_na_official,191663,0.03158319653,1,1776074400000,,,,,,,Cosmetics
apple.com,barclayswsl,543524,0.0134369684,1,1776070852000,GBR,0.5339,29.8572,0.6377,0.3623,2026-01-11,Smartphone
maybelline.com,y.makeup.u,146352,0.08179305836,1,1776067282000,JPN,0.8363,34.28535,0.2166,0.7834,2026-01-11,Cosmetics
maybelline.com,daily_dose_of_glam_by_teena,223539,0.0350273644,2,1776061420000,,,,,,,Cosmetics
hm.com,kusum_reang,59593,0.001512452526,3,1776059685000,IND,0.7887,30.529,0.4618,0.5382,2026-01-11,Retails
shopee.com,foodielife_wing,10890,-0.0008878366381,2,1776052814000,TWN,0.8916,,,,,E-commerce
temu.com,chellscalmingoasis,17827,0.1499009438,4,1776032029000,,,30.32595,0.0725,0.9275,2026-01-11,E-commerce
temu.com,plutov2,13739,0.001640180784,1,1776026865000,,,,,,,E-commerce
temu.com,surosolar,650501,-0.001440381239,3,1776010537000,CHL,0.3023,33.18215,0.5025,0.4975,2026-01-11,E-commerce
temu.com,frank_el_makina,56224,0.008921517578,1,1776004654000,MEX,0.3284,34.6627,0.2906,0.7094,2026-01-11,E-commerce
temu.com,homeofcc,103644,-0.0009639111659,3,1775986496000,GBR,0.5536,31.42505,0.1547,0.8453,2026-01-11,E-commerce
lancome.com,ale90cb,110118,-0.00004696942322,3,1775982586000,ESP,0.59,33.96715,0.1223,0.8777,2026-01-11,Skincare
hm.com,bbyg6rl,255431,-0.002888695442,1,1775934296000,USA,0.7451,29.8297,0.2313,0.7687,2026-01-11,Retails
lancome.com,dr_rajarora,66812,0.004193407783,1,1775919374000,GBR,0.4441,33.3381,0.2394,0.7606,2026-01-11,Skincare
hm.com,letsgo_hazel,65954,0.004614543133,1,1775907457000,KOR,0.8359,26.45645,0.4523,0.5477,2026-01-11,Retails
maybelline.com,natu__mtk,81438,0.01125391441,1,1775905315000,,,,,,,Cosmetics
maybelline.com,emme_tokyo.jp,773781,-0.002435617543,1,1775901661000,JPN,0.8315,31.04945,0.3496,0.6504,2026-01-11,Cosmetics
temu.com,marianathaliaa03,316675,0.001939492884,1,1775883378000,,,31.27035,0.4156,0.5844,2026-01-11,E-commerce
temu.com,lookwhat_i_found,105154,0.002511966855,3,1775882754000,,,,,,,E-commerce
samsung.com,hoopzig,359394,0.00868858356,3,1775869561000,USA,0.8163,,,,2026-01-11,Smartphone
maybelline.com,kinako.ooo,85225,0.005896192825,1,1775869289000,JPN,0.8322,29.7065,0.2937,0.7063,2026-01-11,Cosmetics
samsung.com,eric.sierra,574533,0.005138244494,2,1775861868000,USA,0.5571,35.2244,0.6754,0.3246,2026-01-11,Smartphone
temu.com,aurel_loris_,56034,-0.02055500775,3,1775855004000,,,,,,,E-commerce
hm.com,fridagustavsson,340310,0.0006674841142,1,1775845618000,DEU,0.4489,28.87625,0.5509,0.4491,2026-01-11,Retails
maybelline.com,tiktalkerica,38075,0.04891285791,3,1775837303000,,,,,,,Cosmetics
hm.com,piariegel,142928,-0.001270768994,2,1775835753000,DEU,0.355,30.3561,0.2672,0.7328,2026-01-11,Retails
temu.com,natycarolina_,202868,0.07702324358,1,1775831362000,,,,,,,E-commerce
hm.com,isabellecoheen,45308,-0.004737276506,2,1775822770000,USA,0.6437,,,,,Retails
maybelline.com,tias.mua,390764,-0.004070231241,1,1775821445000,GBR,0.565,30.2457,0.1384,0.8616,2026-01-11,Cosmetics
hm.com,ritikakhatnani,169834,0.05309531142,1,1775819558000,USA,0.4376,32.31135,0.3885,0.6115,2026-01-11,Retails
hm.com,ranjaniramadoss,35843,0.09853664365,2,1775816226000,,,28.19375,0.4241,0.5759,2026-01-11,Retails
maybelline.com,corecty_net,274258,0.003064881867,1,1775815286000,JPN,0.7633,31.6599,0.1784,0.8216,2026-01-11,Cosmetics
hm.com,mspaulabee,104471,0.005705197604,2,1775814343000,USA,0.3868,32.3497,0.3887,0.6113,2026-01-11,Retails
hm.com,shubhra.vaity,286850,0.02452875188,1,1775807795000,,,,,,,Retails
hm.com,salonijhaa,73471,-0.006475392663,5,1775804290000,GBR,0.5133,29.00975,0.2522,0.7478,2026-01-11,Retails
hm.com,ikisvon,103925,0.0630633639,1,1775803828000,IND,0.5938,31.7912,0.3679,0.6321,2026-01-11,Retails
temu.com,evelineeats,10637,0.001533783602,2,1775783892000,USA,0.4797,,,,2026-01-11,E-commerce
temu.com,fifiimarie,329334,0.01113267098,1,1775781067000,USA,0.2,31.58,0.07,0.93,2026-01-11,E-commerce
samsung.com,henryvanwincoop,113112,0.2295317188,4,1775778527000,USA,0.6409,29.79395,0.6674,0.3326,2026-01-11,Smartphone
nike.com,chakey_,151167,-0.003540005894,1,1775775923000,,,,,,,Sportswear
temu.com,pinkposhtv,320328,-0.004831192726,1,1775772852000,,,,,,,E-commerce
samsung.com,ournestonpowell,129855,-0.001652956101,1,1775768519000,,,32.3061,0.1224,0.8776,2026-01-11,Smartphone
lancome.com,pipiquiroz,15385,0.01637530144,1,1775760875000,USA,0.7004,30.45445,0.186,0.814,2026-01-11,Skincare
hm.com,sanjanabatra,315329,0.0004430768746,1,1775748772000,,,31.87985,0.1498,0.8502,2026-01-11,Retails
hm.com,liafik,106823,-0.006113053953,1,1775748142000,USA,0.7471,31.66645,0.1667,0.8333,2026-01-11,Retails
tissot.ch,gioielleriatondo,13596,0.002211900022,3,1775742793000,ITA,0.8284,32.49195,0.2232,0.7768,2026-01-11,Watch
gucci.com,voguebrasil,4627897,0.002402355449,1,1775738940000,BRA,0.8795,31.18575,0.3299,0.6701,2026-01-11,Retails
hm.com,whowhatwear.uk,352173,0.01194485311,1,1775734140000,GBR,0.5103,32.0736,0.222,0.778,2026-01-11,Retails
samsung.com,keeganevansphoto,946186,0.0259973043,7,1775732555000,USA,0.7935,26.49,0.44,0.56,2026-01-11,Smartphone
maybelline.com,unakrlic,113254,0.005558120538,3,1775727219000,,,,,,,Cosmetics
shopee.com,kittyhi1004,27226,0.1352986754,1,1775717253000,TWN,0.8916,,,,2026-01-11,E-commerce
temu.com,cumadiduda,316307,0.015709681,1,1775689931000,,,,,,,E-commerce
lancome.com,sarabiderman,93842,-0.0001546621886,1,1775671451000,USA,0.4374,29.2951,0.304,0.696,2026-01-11,Skincare
temu.com,nver.edoiann,60337,0.002605304421,1,1775666990000,SWE,0.6973,,,,2026-01-11,E-commerce
nike.com,badcatclub_,90468,0.0005308560053,1,1775649743000,,,,,,,Sportswear
lancome.com,brookemcauley_,35458,0.001581831535,1,1775635023000,,,,,,,Skincare
hm.com,singini.chowdhury,120793,-0.006459559808,2,1775629452000,,,,,,,Retails
temu.com,brayjoe828,30546,,1,1775605341000,USA,0.4797,,,,2026-01-11,E-commerce
lancome.com,christinadueholm,205878,0.005196426434,1,1775582090000,,,34.5176,0.0618,0.9382,2026-01-11,Skincare
lancome.com,iamkamiam_,467199,-0.0008860963859,1,1775573912000,USA,0.8132,32.99185,0.3282,0.6718,2026-01-11,Skincare
temu.com,home.cook.french,22635,-0.004287787502,2,1775567817000,FRA,0.8842,,,,2026-01-11,E-commerce
temu.com,filo.perfetto,105524,-0.0005291070958,2,1775564674000,ITA,0.8753,30.9307,0.4046,0.5954,2026-01-11,E-commerce
hm.com,lemonppp0623,91509,-0.002169930649,1,1775561307000,JPN,0.838,30.0457,0.1592,0.8408,2026-01-11,Retails
maybelline.com,marige333,220288,0.003885840676,1,1775556461000,JPN,0.8483,28.08335,0.3989,0.6011,2026-01-11,Cosmetics
dior.com,grapeintokyo,219975,0.0000893595647,1,1775554532000,USA,0.5508,31.47765,0.393,0.607,2026-01-11,Retails
temu.com,gaytangi,5729,-0.006761442441,2,1775513415000,,,,,,,E-commerce
samsung.com,joelroac,343400,0.0174926478,1,1775511595000,,,,,,,Smartphone
maybelline.com,lsacino,328704,-0.007565641433,2,1775508397000,USA,0.512,27.4357,0.2903,0.7097,2026-01-11,Cosmetics
nike.com,ornemayinga,165367,-0.004019235834,4,1775491083000,,,,,,,Sportswear
lancome.com,y.hyein,386159,0.01600916601,1,1775475849000,,,35.5698,0.1449,0.8551,2026-01-11,Skincare
maybelline.com,riho_lip1010,31999,0.006833853827,1,1775473567000,JPN,0.8483,30.3697,0.2462,0.7538,2026-01-11,Cosmetics
maybelline.com,niinana27,149109,0.003249767874,1,1775467889000,JPN,0.8132,29.26715,0.2348,0.7652,2026-01-11,Cosmetics
maybelline.com,fortune_press,102945,-0.0007474131739,2,1775464282000,JPN,0.7971,31.18805,0.2918,0.7082,2026-01-11,Cosmetics
lancome.com,missipanda,291150,0.001610572233,1,1775296557000,ITA,0.8761,28.26595,0.5608,0.4392,2026-01-11,Skincare
lancome.com,vickykaya_,623629,-0.001005834757,2,1775288554000,USA,0.5931,30.94875,0.2516,0.7484,2026-01-11,Skincare
temu.com,pixi_lon,26503,0.0581396099,2,1775261261000,,,29.8838,0.81,0.19,2026-01-11,E-commerce
gucci.com,kensnation,435747,-0.00285991732,1,1775258693000,USA,0.7024,29.0276,0.2643,0.7357,2026-01-11,Retails
temu.com,diycomvivi,1751879,0.002199040637,4,1775253685000,BRA,1,40.565,0.1,0.9,2026-01-11,E-commerce
temu.com,dreamsofrim,203056,0.1823908027,1,1775252351000,USA,0.8163,,,,2026-01-11,E-commerce
hm.com,jacksondean,640517,0.004011235849,4,1775237906000,,,28.98155,0.3597,0.6403,2026-01-11,Retails
nike.com,cfabastin,19876,0.01947006973,3,1775236117000,USA,0.4593,,,,2026-01-11,Sportswear
lancome.com,voulgaraki_el,150080,0.001580880686,1,1775233011000,,,31.9587,0.1588,0.8412,2026-01-11,Skincare
samsung.com,tolutemi,63665,0.05053115946,1,1775229987000,USA,0.6194,31.9433,0.1885,0.8115,2026-01-11,Smartphone
samsung.com,wildgina,127372,0.03818660494,1,1775229927000,USA,0.8163,,,,2026-01-11,Smartphone
temu.com,jiweoncreates,7206,0.007832167832,4,1775214525000,,,,,,,E-commerce
maybelline.com,kumagoma0731,88528,,1,1775213854000,JPN,0.7628,26.3089,0.2102,0.7898,2026-01-11,Cosmetics
maybelline.com,moe_nobori,145182,0.0003359057397,2,1775203570000,JPN,0.8285,34.30455,0.191,0.809,2026-01-11,Cosmetics
lancome.com,moe_nobori,145182,0.0003359057397,1,1775203570000,JPN,0.8285,34.30455,0.191,0.809,2026-01-11,Skincare
temu.com,micmalditravel,89974,-0.004394075138,1,1775202300000,ITA,0.8449,28.72455,0.3434,0.6566,2026-01-11,E-commerce
gucci.com,florenceoginni,32420,-0.0003878964376,1,1775167622000,,,,,,,Retails
maybelline.com,jennajohnson,1436553,0.00396960457,1,1775159944000,,,34.58415,0.2249,0.7751,2026-01-11,Cosmetics
lancome.com,nathalieberzelius,15376,0.002567823138,2,1775142008000,USA,0.6437,,,,2026-01-11,Skincare
lancome.com,marieserneholt,246665,-0.0002392624128,1,1775142008000,USA,0.6437,,,,2026-01-11,Skincare
temu.com,maider_moua,8616,0.01720790681,1,1775141019000,,,,,,,E-commerce
hm.com,lianness,182171,-0.02307662206,2,1775126403000,,,,,,,Retails
maybelline.com,marseaux.wnc,138243,0.002734539335,3,1775123247000,,,32.37975,0.2644,0.7356,2026-01-11,Cosmetics
shopee.com,folio.stacey,13623,0.01522469046,1,1775116525000,TWN,0.8916,,,,2026-01-11,E-commerce
lancome.com,gemdimond,56911,0.005567830314,2,1775108141000,AUS,0.4254,31.13605,0.3889,0.6111,2026-01-11,Skincare
maybelline.com,jaydabeveridge,2515,0.01671891327,3,1775095302000,,,,,,,Cosmetics
nyxcosmetics.com,makeupbygermany,196832,0.008050779231,1,1775070026000,,,,,,,Cosmetics
maybelline.com,annathr,113625,-0.0001788235454,4,1775067185000,USA,0.6502,32.491,0.1864,0.8136,2026-01-11,Cosmetics
maybelline.com,tinanate,11906,0.004518507808,3,1775063576000,,,31.6292,0.5301,0.4699,2026-01-11,Cosmetics
maybelline.com,stefiex1,203243,-0.0005900778411,1,1775061622000,USA,0.2641,36.7116,0.1193,0.8807,2026-01-11,Cosmetics
lancome.com,chane_grobler18,96175,,1,1775058502000,USA,0.4714,29.18235,0.238,0.762,2026-01-11,Skincare
lancome.com,evelina_nikoliza,186379,0.003427907916,1,1775050091000,,,33.69355,0.2927,0.7073,2026-01-11,Skincare
lancome.com,katerinavisseri,58772,-0.0007650849244,2,1775041213000,,,30.6086,0.1628,0.8372,2026-01-11,Skincare
maybelline.com,giwta_iwannidou,48422,0.01951183045,1,1775038823000,,,30.62475,0.295,0.705,2026-01-11,Cosmetics
maybelline.com,kallisti_bee,57728,-0.002781184681,2,1775037372000,USA,0.5808,32.02945,0.1564,0.8436,2026-01-11,Cosmetics
clinique.com,crobinsonmd,81141,0.00008088470925,2,1774999520000,USA,0.7319,27.70715,0.22,0.78,2026-01-11,Skincare
samsung.com,tonyozkan,753670,-0.003230573605,1,1774993763000,USA,0.6353,29.99865,0.2406,0.7594,2026-01-11,Smartphone
hm.com,taylorjoypaul,298796,-0.01841490341,1,1774993562000,,,,,,,Retails
temu.com,daisykalan,45461,0.007088899227,1,1774974312000,USA,0.3928,38.44705,0.1051,0.8949,2026-01-11,E-commerce
samsung.com,jackrosen6,280690,0.03737184841,1,1774973824000,USA,0.6515,,,,2026-01-11,Smartphone
temu.com,vaall_machado,866131,0.008104710988,1,1774969521000,,,,,,,E-commerce
maybelline.com,amandaastrand,213123,-0.002205118121,2,1774967125000,SWE,0.6154,30.178,0.2304,0.7696,2026-01-11,Cosmetics
lancome.com,janinafry,35462,0.003793025362,1,1774966706000,,,32.89805,0.3603,0.6397,2026-01-11,Skincare
temu.com,__latania__,42202,-0.001076566806,2,1774966086000,ITA,0.8641,30.92,0.2839,0.7161,2026-01-11,E-commerce
lancome.com,hanjji,157795,-0.002244704395,1,1774955529000,JPN,0.8289,30.78175,0.2614,0.7386,2026-01-11,Skincare
lancome.com,tinapouty,1182509,-0.002461524415,1,1774947806000,JPN,0.7771,34.99985,0.2639,0.7361,2026-01-11,Skincare
lancome.com,unicewani,578486,-0.003908616058,1,1774916272000,SGP,0.4396,31.2765,0.3615,0.6385,2026-01-11,Skincare
temu.com,sofiasfurlanioficial,827134,-0.002062830686,1,1774900313000,BRA,0.4966,32.59895,0.2056,0.7944,2026-01-11,E-commerce
hm.com,yashwantsngh,42952,,3,1774878471000,IND,0.7677,,,,2026-01-11,Retails
samsung.com,jasonvmedia,136354,0.004441897767,2,1774877675000,USA,0.6243,32.74365,0.4458,0.5542,2026-01-11,Smartphone
maybelline.com,gablap_19,1514,0.003850432104,1,1774850471000,,,,,,,Cosmetics
nike.com,amee.quiroz,34857,0.006177294114,1,1774835270000,MEX,0.6956,28.75375,0.5636,0.4364,2026-01-11,Sportswear
temu.com,paulamartins00,266898,0.005995429899,3,1774797496000,BRA,0.7783,31.36435,0.6789,0.3211,2026-01-11,E-commerce
nike.com,aubin_gstv,25312,0.01750643915,2,1774722226000,FRA,0.7197,,,,2026-01-11,Sportswear
temu.com,vroom_vroom514,105051,0.00948454797,3,1774713742000,USA,0.7691,30.6109,0.4276,0.5724,2026-01-11,E-commerce
shopee.com,jia_1027,9719,-0.004028937668,1,1774708440000,,,,,,,E-commerce
maybelline.com,na.na1557,31529,-0.002677893481,1,1774701063000,JPN,0.7948,30.87975,0.2812,0.7188,2026-01-11,Cosmetics
hm.com,yashisingh___,49626,-0.009672206788,3,1774697508000,IND,0.7677,,,,2026-01-11,Retails
temu.com,victoria__secrieru,54866,-0.0005282812642,1,1774684382000,ESP,0.6581,32.8581,0.105,0.895,2026-01-11,E-commerce
hm.com,girlcalledluca,233912,0.00334091979,1,1774630447000,DEU,0.3794,29.7109,0.4704,0.5296,2026-01-11,Retails
nike.com,oemerpa,71193,0.002294805012,2,1774628142000,DEU,0.3881,,,,2026-01-11,Sportswear
samsung.com,shaneboyer_,235985,,1,1774622054000,USA,0.8163,,,,2026-01-11,Smartphone
hm.com,hamishpowell,202914,0.01473743168,1,1774620249000,GBR,0.5364,31.01935,0.4259,0.5741,2026-01-11,Retails
temu.com,miller.ev,3416120,-0.000737373015,1,1774612801000,USA,0.6786,32.14555,0.4391,0.5609,2026-01-11,E-commerce
lancome.com,giuliavalentina,999290,0.00167574012,1,1774606296000,,,30.69375,0.5209,0.4791,2026-01-11,Skincare
temu.com,hollylouiseditchfield,112027,,1,1774605855000,GBR,0.4381,31.2244,0.2599,0.7401,2026-01-11,E-commerce
shopee.com,jeannnie915,4965,0.0604709277,1,1774595492000,,,,,,,E-commerce
maybelline.com,sabbzziii,3747,2.014481094,1,1774580789000,,,,,,,Cosmetics
temu.com,young2_camping,72993,,2,1774573200000,KOR,0.4543,,,,2026-01-11,E-commerce
samsung.com,iamnancyjay,268046,0.009764403625,1,1774568173000,USA,0.5483,32.84825,0.4397,0.5603,2026-01-11,Smartphone
temu.com,perinazsiri,108835,0.01655025386,1,1774555662000,,,,,,,E-commerce
nyxcosmetics.com,olivia__makeup,271263,-0.001770279407,4,1774548251000,USA,0.8071,30.7701,0.198,0.802,2026-01-11,Cosmetics
hm.com,khushihegde,265552,0.01303719592,1,1774529933000,IND,0.7339,30.24135,0.2101,0.7899,2026-01-11,Retails
lancome.com,leina810,176382,-0.001952163506,1,1774521072000,JPN,0.7985,29.09385,0.4607,0.5393,2026-01-11,Skincare
hm.com,nolimit.dan_,41831,0.0001978782505,1,1774514931000,USA,0.3953,,,,2026-01-11,Retails
nike.com,tilakvarma9,6137638,0.01805697423,1,1774506955000,IND,0.8154,30.08075,0.3775,0.6225,2026-01-11,Sportswear
shopee.com,chaijun0116,10425,0.00180201826,1,1774506369000,TWN,0.8916,,,,2026-01-11,E-commerce
temu.com,bigsisofanime,109233,0.00648022879,2,1774466952000,,,,,,,E-commerce
clinique.com,julia.hatch,927129,-0.008875193736,2,1774465204000,USA,0.8163,,,,2026-01-11,Skincare
samsung.com,markonthemove,229448,-0.00214205545,3,1774455434000,USA,0.7266,33.64965,0.2988,0.7012,2026-01-11,Smartphone
maybelline.com,melissamradis,13688,0.2224703045,3,1774452333000,,,,,,,Cosmetics
lancome.com,yuriang_,396880,0.006826497287,1,1774436571000,JPN,0.8262,33.6397,0.2583,0.7417,2026-01-11,Skincare
temu.com,simo__fr_,39285,0.00767221516,1,1774425983000,ITA,0.8498,35.09595,0.1766,0.8234,2026-01-11,E-commerce
maybelline.com,chitti_design,204409,0.002549037726,1,1774407758000,JPN,0.7874,30.1298,0.3578,0.6422,2026-01-11,Cosmetics
hm.com,dealbadenisse,138138,0.002479318527,1,1774392433000,MEX,0.7312,33.8949,0.1594,0.8406,2026-01-11,Retails
samsung.com,laurenthelolife,108965,0.00352349457,1,1774388564000,USA,0.7176,,,,2026-01-11,Smartphone
samsung.com,mattsalcedo_,140110,-0.001745573724,2,1774379521000,,,,,,,Smartphone
lancome.com,gemmpinto,431120,0.006779273126,1,1774373589000,ESP,0.6678,30.5707,0.6728,0.3272,2026-01-11,Skincare
samsung.com,leanneansar,1124832,-0.0008637750744,1,1774371229000,USA,0.6895,31.77035,0.2111,0.7889,2026-01-11,Smartphone
samsung.com,balancebymacy,124678,0.08654182465,1,1774368753000,,,,,,,Smartphone
temu.com,mariamhasan21,126122,-0.00007432689563,1,1774367973000,TUR,0.2206,30.40855,0.1718,0.8282,2026-01-11,E-commerce
samsung.com,austinrutland,226165,0.01616135293,1,1774356051000,USA,0.8163,,,,2026-01-11,Smartphone
temu.com,blackjacktek,54463,,1,1774351230000,,,,,,,E-commerce
shopee.com,lovegigichiu,38336,-0.001889579682,1,1774345828000,,,29.78795,0.4993,0.5007,2026-01-11,E-commerce
temu.com,bonplanmode,174284,-0.00004016271638,3,1774340922000,,,,,,,E-commerce
temu.com,jcandsondraa,2960398,0.01245135363,1,1774312066000,,,,,,,E-commerce
temu.com,laurencodyandcharlie,40030,,1,1774268166000,,,,,,,E-commerce
hm.com,thatstreetstylee,105055,0.08490907025,2,1774259753000,IND,0.7677,,,,2026-01-11,Retails
maybelline.com,nao70818,252349,0.01061682512,1,1774259595000,,,33.1523,0.2806,0.7194,2026-01-11,Cosmetics
maybelline.com,_shiho99,45595,0.004914925505,1,1774252895000,JPN,0.8425,28.85335,0.2837,0.7163,2026-01-11,Cosmetics
temu.com,midotaher12,337514,0.1272749134,3,1774205385000,USA,0.2889,,,,2026-01-11,E-commerce
gucci.com,vanessahong,561138,-0.001586256511,1,1774196193000,USA,0.4866,29.54615,0.153,0.847,2026-01-11,Retails
temu.com,lucia__di__tommaso,22767,0.042394523,2,1774185531000,ITA,0.7966,35.4112,0.1542,0.8458,2026-01-11,E-commerce
maybelline.com,natsumi_sorayama,16457,-0.003008492724,1,1774172813000,JPN,0.8283,28.2618,0.2389,0.7611,2026-01-11,Cosmetics
temu.com,thatagamerx,37900,0.09964789084,3,1774117123000,BRA,0.8645,29.7464,0.1897,0.8103,2026-01-11,E-commerce
temu.com,veryveebrown,109315,0.0004805096148,2,1774116639000,GBR,0.5514,33.27225,0.4014,0.5986,2026-01-11,E-commerce
maybelline.com,vittoria.milanese,794672,-0.01337911836,1,1774106056000,ITA,0.7698,31.14125,0.2509,0.7491,2026-01-11,Cosmetics
temu.com,techngneer,34624,0.002225551503,10,1774091428000,,,,,,,E-commerce
maybelline.com,iiiii_yo.clean_927,11598,0.001122140699,1,1774063833000,JPN,0.7675,31.12925,0.3868,0.6132,2026-01-11,Cosmetics
temu.com,malik_bedelov,7285,0.0993081629,2,1774041753000,,,,,,,E-commerce
hm.com,maferneyra,2070497,0.001126892985,1,1774019904000,,,34.58015,0.1829,0.8171,2026-01-11,Retails
lancome.com,lindyklim,113417,-0.0001511276008,1,1773997233000,,,,,,,Skincare
lancome.com,antigoni_neophytou,96491,-0.004869694104,1,1773996564000,,,,,,,Skincare
lancome.com,makeupbyenrica,27118,0.001528152387,1,1773993090000,USA,0.6419,,,,2026-01-11,Skincare
lancome.com,etherealelsa,19013,0.03567614923,1,1773993039000,,,,,,,Skincare
temu.com,bielhomero,18027,-0.003495205447,1,1773968285000,BRA,0.8761,31.0529,0.3601,0.6399,2026-01-11,E-commerce
temu.com,capelazn,573303,0.0463700294,1,1773960967000,,,,,,,E-commerce
samsung.com,juliaakong,60999,-0.001604006743,2,1773956831000,USA,0.7729,29.4774,0.1784,0.8216,2026-01-11,Smartphone
temu.com,onlinespecialfinds,95933,0.001649699817,6,1773942977000,,,,,,,E-commerce
nike.com,adrientruong,134328,-0.003324221474,2,1773939915000,FRA,0.8362,35.73635,0.3277,0.6723,2026-01-11,Sportswear
samsung.com,justinescameraroll_,302874,0.0002459784236,1,1773938582000,,,32.26695,0.3333,0.6667,2026-01-11,Smartphone
samsung.com,jonanthonyjames,97003,0.00597439911,1,1773932413000,USA,0.4257,32.91595,0.3482,0.6518,2026-01-11,Smartphone
maybelline.com,bethanyfosberyy,60261,-0.0001716385589,1,1773919609000,,,,,,,Cosmetics
maybelline.com,ena_pi25,473192,,1,1773919283000,JPN,0.8358,27.4333,0.501,0.499,2026-01-11,Cosmetics
maybelline.com,onella_am,140771,-0.004315541429,1,1773907535000,USA,0.5359,29.8914,0.1438,0.8562,2026-01-11,Cosmetics
lancome.com,kaylaboyd_,63931,-0.001470399723,1,1773907079000,,,34.01925,0.2229,0.7771,2026-01-11,Skincare
lancome.com,rebeccalharding,114801,0.00125591983,1,1773904709000,USA,0.8163,,,,2026-01-11,Skincare
hm.com,vivekkeshari1,2426100,-0.003622470904,1,1773904613000,IND,0.7787,31.10875,0.3971,0.6029,2026-01-11,Retails
hm.com,vio1yy,20579,0.02717275251,2,1773904453000,USA,0.8138,30.0931,0.2914,0.7086,2026-01-11,Retails
lancome.com,hannahlaity,112449,0.003023815895,2,1773903247000,USA,0.5035,32.9419,0.1785,0.8215,2026-01-11,Skincare
lancome.com,natashayoung_silvermodel,63312,0.00695862798,1,1773901082000,,,,,,,Skincare
hm.com,shreyas_gg,28592,0.003995263796,4,1773899470000,DEU,0.397,31.5029,0.2058,0.7942,2026-01-11,Retails
hm.com,subojeetttt,55693,0.005485921725,1,1773897794000,,,31.63095,0.3969,0.6031,2026-01-11,Retails
shopee.com,der0311,19533,-0.001581186753,1,1773893904000,TWN,0.8916,,,,2026-01-11,E-commerce
shopee.com,eating_holic,46074,-0.001636449637,1,1773893316000,TWN,0.8914,31.1915,0.2006,0.7994,2026-01-11,E-commerce
maybelline.com,bono_gura,136938,0.00725526992,1,1773885557000,JPN,0.8373,28.30875,0.1573,0.8427,2026-01-11,Cosmetics
samsung.com,jonnyroams,213865,0.003300905456,1,1773873309000,USA,0.8163,31.5671,0.4034,0.5966,2026-01-11,Smartphone
samsung.com,prodhipo,130127,,2,1773870420000,,,,,,,Smartphone
samsung.com,itzsimon,152300,-0.005533221738,1,1773869756000,USA,0.8163,,,,2026-01-11,Smartphone
maybelline.com,foreverjaaja,19348,0.002909747655,1,1773863499000,FRA,0.6622,28.1143,0.1991,0.8009,2026-01-11,Cosmetics
samsung.com,jedcal,107314,-0.0005047364104,2,1773850609000,PHL,0.4312,30.3244,0.6363,0.3637,2026-01-11,Smartphone
samsung.com,miss.rover,130957,0.008769115018,1,1773845120000,USA,0.55,30.605,0.45,0.55,2026-01-11,Smartphone
hm.com,maya_nilsen,94680,-0.001265876197,1,1773844659000,USA,0.6247,29.9516,0.2169,0.7831,2026-01-11,Retails
hm.com,juliaadang,183099,-0.001129744067,1,1773844659000,USA,0.6376,34.268,0.2775,0.7225,2026-01-11,Retails
gucci.com,rubylyn_,762223,0.007557111246,1,1773844628000,USA,0.7679,31.58315,0.1857,0.8143,2026-01-11,Retails
lancome.com,goozdeyle,497541,-0.00479103499,1,1773834265000,TUR,0.8344,29.5791,0.18,0.82,2026-01-11,Skincare
lancome.com,yuu_pl,275965,-0.0006817957902,1,1773828257000,JPN,0.8369,26.99305,0.1656,0.8344,2026-01-11,Skincare
lancome.com,siniciliya,193059,,1,1773827030000,RUS,0.3886,29.8281,0.2691,0.7309,2026-01-11,Skincare
maybelline.com,ameliacharlotteobrien,63556,-0.001747896571,1,1773823741000,,,,,,,Cosmetics
lancome.com,lifewithjhyll,174447,0.01246516615,1,1773822958000,,,,,,,Skincare
temu.com,magdy_elcomando,303700,0.0125898561,1,1773771178000,,,,,,,E-commerce
temu.com,mehvi_brands_bloger,179315,-0.01656831344,1,1773769183000,,,,,,,E-commerce
lancome.com,jenafrumes,5001863,-0.0009271369916,1,1773766817000,USA,0.8012,32.84235,0.2856,0.7144,2026-01-11,Skincare
lancome.com,emmaasartini,182752,-0.005079347796,1,1773763544000,,,,,,,Skincare
temu.com,alindelastrehaiaa,10731,0.00190040542,3,1773760853000,USA,0.2895,,,,2026-01-11,E-commerce
temu.com,elisamelloo,117845,0.01676175003,1,1773755476000,,,,,,,E-commerce
temu.com,thecoke25,674121,0.04420047276,2,1773755222000,USA,0.4053,30.39365,0.536,0.464,2026-01-11,E-commerce
hm.com,misakisaito__,2023,0.02882523568,1,1773752162000,,,,,,,Retails
temu.com,salmaasif1985,92497,-0.005291087055,4,1773707129000,,,,,,,E-commerce
temu.com,jin_nofilter,34066,0.06783273776,2,1773687717000,ESP,0.2409,,,,2026-01-11,E-commerce
temu.com,wondercatx,17949,-0.00226353954,2,1773669419000,,,32.05705,0.4601,0.5399,2026-01-11,E-commerce
temu.com,alinecappelli,99984,-0.02453528747,3,1773603260000,,,,,,,E-commerce
temu.com,mandacreative,3455,0.008147909709,9,1773595714000,,,,,,,E-commerce
hm.com,hannamw,140949,0.002831712332,1,1773577430000,,,30.41845,0.4883,0.5117,2026-01-11,Retails
temu.com,martawalczakartist,33562,0.001398752686,2,1773519693000,,,,,,,E-commerce
temu.com,btypep,348838,0.1312906594,2,1773505688000,USA,0.8297,36.65055,0.0688,0.9312,2026-01-11,E-commerce
maybelline.com,mink__88,24605,-0.002001737456,1,1773478953000,JPN,0.8024,31.9054,0.143,0.857,2026-01-11,Cosmetics
temu.com,sheirod_,127265,-0.003190791119,2,1773425503000,MEX,0.3323,28.8568,0.2675,0.7325,2026-01-11,E-commerce
lancome.com,candicebrathwaite,329861,0.001057317267,1,1773417822000,USA,0.6028,30.7538,0.274,0.726,2026-01-11,Skincare
temu.com,jessica_marquesz_,257357,0.002178351184,1,1773399600000,,,,,,,E-commerce
lancome.com,elodie_ouedraogo,171286,-0.00004086565125,2,1773398277000,,,33.51675,0.3111,0.6889,2026-01-11,Skincare
lancome.com,luciebechynkova,85464,0.002979438106,1,1773389183000,USA,0.2247,30.60225,0.3103,0.6897,2026-01-11,Skincare
dior.com,lenamahfouf,5010082,0.0007282625804,1,1773344946000,FRA,0.8689,26.63325,0.2295,0.7705,2026-01-11,Retails
samsung.com,gorptexx,404072,0.002637658216,1,1773344152000,USA,0.79,33.692,0.5172,0.4828,2026-01-11,Smartphone
samsung.com,theremoteconcept,169342,0.01701526838,1,1773339111000,USA,0.6721,,,,2026-01-11,Smartphone
lancome.com,fatimalopesoficial,827370,-0.0005874630983,1,1773337810000,BRA,0.8385,30.668,0.2977,0.7023,2026-01-11,Skincare
lancome.com,stylistmagazine,542840,0.004007825198,1,1773331297000,GBR,0.5339,29.9007,0.2937,0.7063,2026-01-11,Skincare
hm.com,itstaifaa,67037,0.01012122857,1,1773330022000,USA,0.5473,,,,2026-01-11,Retails
lancome.com,margaux.marissen,13713,0.02773354423,1,1773320891000,,,,,,,Skincare
samsung.com,helloangelia,204617,0.01089685118,1,1773264922000,USA,0.21,39.595,0.25,0.75,2026-01-11,Smartphone
samsung.com,cogey,1311291,-0.00368442382,2,1773261841000,USA,0.47,30.76,0.28,0.72,2026-01-11,Smartphone
clinique.com,paigeejenna,122185,0.008268486504,1,1773256055000,USA,0.8163,,,,2026-01-11,Skincare
temu.com,malaki_benshi,1047024,0.004575223582,3,1773247155000,,,,,,,E-commerce
samsung.com,amirzakeri,214267,0.007376656104,1,1773244806000,USA,0.16,31.77,0.67,0.33,2026-01-11,Smartphone
samsung.com,tyron.shi,156220,0.003214989824,1,1773243883000,USA,0.6212,29.41105,0.4953,0.5047,2026-01-11,Smartphone
samsung.com,prettylittlefawn,701533,0.008355372851,4,1773233615000,USA,0.7859,30.9168,0.1209,0.8791,2026-01-11,Smartphone
temu.com,paolaviscarraa,195404,-0.003129742127,2,1773193650000,,,,,,,E-commerce
gucci.com,tannerareese,221766,-0.005672497714,1,1773179894000,USA,0.7203,29.7095,0.3987,0.6013,2026-01-11,Retails
samsung.com,childishharish,378437,-0.007396319173,2,1773176728000,USA,0.7507,36.61105,0.1046,0.8954,2026-01-11,Smartphone
temu.com,marie.home.deco,26131,0.0146240235,2,1773174406000,,,,,,,E-commerce
samsung.com,natyexplora,540801,,1,1773169264000,USA,0.7609,31.565,0.3789,0.6211,2026-01-11,Smartphone
samsung.com,philip_lemoine,126090,0.02317639983,1,1773168960000,USA,0.7835,33.76925,0.1804,0.8196,2026-01-11,Smartphone
lancome.com,lesterrrisa,142139,-0.009470515269,1,1773167396000,GBR,0.5339,,,,2026-01-11,Skincare
lancome.com,zorkahejdova,395604,-0.002889267016,1,1773167072000,USA,0.2626,32.03095,0.2797,0.7203,2026-01-11,Skincare
temu.com,aya_interiors_,503707,-0.002947370921,1,1773151330000,FRA,0.8704,30.5469,0.339,0.661,2026-01-11,E-commerce
hm.com,nihareekasingh,100388,0.004909753167,1,1773148834000,IND,0.7541,29.2391,0.329,0.671,2026-01-11,Retails
temu.com,fadi.hiba.96,741787,0.005975247093,1,1773147889000,IRQ,0.4811,30.35655,0.5238,0.4762,2026-01-11,E-commerce
maybelline.com,n_cosme22,7388,0.00177990236,1,1773126068000,,,,,,,Cosmetics
hm.com,janacapii,13264,0.05136334813,2,1773123219000,,,,,,,Retails
maybelline.com,claugaminobeauty,16656,0.005786462017,2,1773078136000,MEX,0.7111,29.33195,0.2266,0.7734,2026-01-11,Cosmetics
hm.com,luenagamaa,95687,0.02570920082,1,1773052698000,,,,,,,Retails
maybelline.com,dom.skii,157477,0.002827431177,1,1773039672000,USA,0.3803,31.7768,0.3179,0.6821,2026-01-11,Cosmetics
gucci.com,staskaranikolaou,10261310,0.00374566493,1,1772999706000,USA,0.8162,31.82305,0.31,0.69,2026-01-11,Retails
hm.com,nadiakandil,40755,-0.002652191176,1,1772989397000,USA,0.6261,30.8943,0.3464,0.6536,2026-01-11,Retails
temu.com,teteuzinhoff0,604323,0.002366673563,1,1772974807000,,,30.6808,0.8533,0.1467,2026-01-11,E-commerce
maybelline.com,hannahcollingwoodenglish,79640,0.004186499647,1,1772954550000,AUS,0.5062,31.62285,0.2189,0.7811,2026-01-11,Cosmetics
hm.com,abimarvel,88760,0.03220740931,2,1772876632000,USA,0.5604,30.70405,0.3213,0.6787,2026-01-11,Retails
maybelline.com,teresuch,1004454,-0.003533335846,1,1772843387000,USA,0.3987,31.04735,0.1846,0.8154,2026-01-11,Cosmetics
temu.com,meumundocacheado,92812,-0.002938755744,1,1772831133000,BRA,0.869,31.64625,0.2348,0.7652,2026-01-11,E-commerce
lancome.com,eprespanni,184632,-0.001240634388,1,1772822695000,USA,0.3045,31.05995,0.1989,0.8011,2026-01-11,Skincare
lancome.com,maybrittmobach,34894,0.00600268228,1,1772817535000,JPN,0.3081,34.96925,0.4791,0.5209,2026-01-11,Skincare
maybelline.com,alishquiche,104336,-0.001040019625,1,1772817349000,,,,,,,Cosmetics
hm.com,pumla_dineo,42139,-0.001490456492,2,1772813481000,USA,0.3953,29.08825,0.2285,0.7715,2026-01-11,Retails
nike.com,artguyrob,2668935,-0.004796085026,1,1772806784000,IND,0.5043,32.5953,0.2741,0.7259,2026-01-11,Sportswear
maybelline.com,ipeksteenbeek,10806,0.005493928159,1,1772793109000,,,,,,,Cosmetics
temu.com,sueshomefinds,110011,0.003396355647,2,1772773055000,USA,0.4797,,,,2026-01-11,E-commerce
lancome.com,melissa.hernandez,178609,0.03768978661,2,1772741961000,USA,0.61,34.35795,0.2102,0.7898,2026-01-11,Skincare
hm.com,maruko_graphy,78138,0.03936827401,1,1772705945000,KOR,0.8818,34.37855,0.2796,0.7204,2026-01-11,Retails
samsung.com,twooutsiders,453323,0.004409091335,1,1772658590000,USA,0.7858,31.888,0.1424,0.8576,2026-01-11,Smartphone
temu.com,salilas__,193760,-0.01061072994,1,1772653279000,,,,,,,E-commerce
lancome.com,hillhousevintage,615807,0.0001444292758,1,1772647770000,GBR,0.5221,31.61695,0.1303,0.8697,2026-01-11,Skincare
lancome.com,this_is_fifty,28559,0.0126787296,1,1772647396000,GBR,0.5339,,,,2026-01-11,Skincare
nike.com,shubmangill,19211373,0.01951226113,1,1772634210000,AUS,0.4253,31.993,0.2179,0.7821,2026-01-11,Sportswear
lancome.com,kimgyutae_official,768646,-0.002862079646,1,1772617571000,JPN,0.8318,33.0291,0.2266,0.7734,2026-01-11,Skincare
maybelline.com,jessicajade123,5384,,2,1772589837000,,,,,,,Cosmetics
lancome.com,konnichiwakevin,46772,0.002135837909,1,1772536751000,JPN,0.8028,34.99185,0.2265,0.7735,2026-01-11,Skincare
lancome.com,mariannu_official,50614,0.009300714155,2,1772536686000,JPN,0.7716,33.9705,0.1943,0.8057,2026-01-11,Skincare
lancome.com,nozomisasaki_official,4772172,-0.0004095849124,1,1772531424000,JPN,0.8178,30.7423,0.1822,0.8178,2026-01-11,Skincare
maybelline.com,skinproject.cf,10366,,1,1772524362000,,,,,,,Cosmetics
maybelline.com,skinprojectcf,10174,0.0110637561,1,1772524362000,,,,,,,Cosmetics
maybelline.com,jvanityxo,122014,0.01587406347,1,1772477517000,GBR,0.5339,,,,2026-01-11,Cosmetics
maybelline.com,embracingfifty,983378,-0.002759297749,1,1772475402000,USA,0.6061,31.6443,0.5038,0.4962,2026-01-11,Cosmetics
samsung.com,spencerheaphy,127795,,1,1772467473000,USA,0.7438,32.76775,0.4201,0.5799,2026-01-11,Smartphone
nike.com,rashwin99,5389815,0.001937345261,2,1772460004000,IND,0.6838,32.13635,0.1712,0.8288,2026-01-11,Sportswear
nike.com,shafalisverma17,1010038,-0.00009831403044,1,1772460004000,AUS,0.3887,32.9326,0.3667,0.6333,2026-01-11,Sportswear
temu.com,ilariagiannini_99,29823,-0.0003770739065,1,1772459301000,,,,,,,E-commerce
temu.com,__prestonwalker,66039,-0.009865511192,3,1772394217000,,,,,,,E-commerce
samsung.com,najaljudd,58790,-0.005627060614,1,1772309484000,USA,0.6819,33.31215,0.1878,0.8122,2026-01-11,Smartphone
lancome.com,koki9_official,44998,-0.0001999688937,1,1772212529000,USA,0.2108,31.69775,0.3142,0.6858,2026-01-11,Skincare
maybelline.com,makeupbyarlinda,37541,-0.00283826849,3,1772204465000,USA,0.5415,33.8163,0.184,0.816,2026-01-11,Cosmetics
nike.com,barkhasingh0308,2737347,-0.003032967825,1,1772201091000,IND,0.7836,31.6058,0.3113,0.6887,2026-01-11,Sportswear
nike.com,shreyasiyer96,15551000,0.01359291702,1,1772193962000,IND,0.8041,29.78865,0.4329,0.5671,2026-01-11,Sportswear
lancome.com,winnniy,41140,0.0000470485651,2,1772180817000,AUS,0.4678,31.34105,0.2208,0.7792,2026-01-11,Skincare
temu.com,hibakayf,56477,-0.0002398326653,1,1772133134000,USA,0.4081,37.80345,0.2919,0.7081,2026-01-11,E-commerce
hm.com,kimpetras,1165069,,1,1772130522000,,,30.2139,0.7056,0.2944,2026-01-11,Retails
hm.com,032c,458285,0.004292973853,1,1772130522000,DEU,0.3202,32.12115,0.4816,0.5184,2026-01-11,Retails
samsung.com,johnbucog,202071,0.03442383564,1,1772122823000,USA,0.8163,,,,2026-01-11,Smartphone
hm.com,kaizervaghela,136235,0.04060121896,2,1772114987000,USA,0.3929,,,,2026-01-11,Retails
maybelline.com,stylewithbillie,799,0.0165394402,1,1772092753000,,,,,,,Cosmetics
temu.com,stevengoessomewhere,6560,-0.003820420638,2,1772052292000,,,,,,,E-commerce
samsung.com,qfroost,329692,0.009176783167,1,1772045826000,USA,0.6234,,,,2026-01-11,Smartphone
nike.com,qfroost,329692,0.009176783167,1,1772045826000,USA,0.6234,,,,2026-01-11,Sportswear
hm.com,tishweinstock,77409,0.003793921942,1,1772042462000,,,30.9766,0.4707,0.5293,2026-01-11,Retails
temu.com,efi.dhedhes,562498,0.00183525888,1,1772041333000,USA,0.6465,32.73925,0.1996,0.8004,2026-01-11,E-commerce
maybelline.com,chelsweets,1662872,0.004525626587,1,1772040072000,USA,0.8075,36.1828,0.3294,0.6706,2026-01-11,Cosmetics
maybelline.com,facebyjenn,53560,0.09763339249,1,1772005591000,USA,0.4797,,,,2026-01-11,Cosmetics
maybelline.com,ziararae,20691,0.0319423509,1,1772004840000,USA,0.4969,,,,2026-01-11,Cosmetics
maybelline.com,stephaniejmagno,7154,0.003529922885,1,1771978475000,,,,,,,Cosmetics
maybelline.com,_ayakokawai_,207170,0.004634572641,1,1771848471000,JPN,0.8483,29.6393,0.3563,0.6437,2026-01-11,Cosmetics
hm.com,vongai.mapho,191268,0.009188668025,1,1771836059000,,,34.65965,0.424,0.576,2026-01-11,Retails
nyxcosmetics.com,angelaaguilarrr,251781,0.1213074544,1,1771788577000,,,,,,,Cosmetics
temu.com,sirlaith1,14916,,1,1771771893000,USA,0.2931,,,,2026-01-11,E-commerce
shopee.com,cy_0106,15659,0.00006180495181,1,1771764552000,TWN,0.8916,,,,2026-01-11,E-commerce
maybelline.com,a_p_artistry,57762,0.03414197476,3,1771737624000,,,,,,,Cosmetics
hm.com,yuktiichugh,169480,-0.0003833790439,1,1771680721000,USA,0.8163,33.3374,0.2588,0.7412,2026-01-11,Retails
hm.com,merrylinboro,202096,-0.00008139809366,2,1771666844000,USA,0.7819,32.00555,0.4651,0.5349,2026-01-11,Retails
hm.com,rod.anker,99971,-0.001179548181,2,1771662590000,IND,0.7677,,,,2026-01-11,Retails
nike.com,1chloeellis,117397,0.06150196298,2,1771603048000,GBR,0.5107,30.7416,0.3578,0.6422,2026-01-11,Sportswear
temu.com,shirleylooooo,927550,-0.001896961025,1,1771588471000,AUS,0.3828,29.86005,0.1314,0.8686,2026-01-11,E-commerce
hm.com,lizzy__kr,9535,-0.004081322728,1,1771500017000,,,,,,,Retails
lancome.com,addieadessy,32383,-0.0007661180056,1,1771499377000,USA,0.5417,30.10585,0.2267,0.7733,2026-01-11,Skincare
maybelline.com,jasminechaarmakeup,8112,0.01207865621,1,1771485466000,,,,,,,Cosmetics
maybelline.com,ayami_yamichan,94268,0.002193029092,1,1771413719000,JPN,0.792,26.6152,0.3502,0.6498,2026-01-11,Cosmetics
hm.com,houseofmisu,498444,-0.000651913249,1,1771396596000,IND,0.7677,28.6342,0.286,0.714,2026-01-11,Retails
lancome.com,maggymoon,981407,-0.001028076672,1,1771323802000,JPN,0.6398,30.01315,0.2912,0.7088,2026-01-11,Skincare
maybelline.com,valerieyordanova,150204,0.0003286969871,1,1771312171000,GBR,0.4493,37.1788,0.12,0.88,2026-01-11,Cosmetics
maybelline.com,lobblexi,34082,0.02245833006,1,1771309942000,,,,,,,Cosmetics
maybelline.com,amagale,38754,-0.001571557388,2,1771298513000,USA,0.5999,33.58355,0.1509,0.8491,2026-01-11,Cosmetics
temu.com,the_zyzy,170201,-0.004074799349,2,1771265004000,,,,,,,E-commerce
nike.com,erinoutdoors,233236,-0.001200584255,2,1771263570000,USA,0.7015,31.4978,0.146,0.854,2026-01-11,Sportswear
temu.com,ogberger030,40983,-0.003695150115,1,1771176765000,DEU,0.8833,,,,2026-01-11,E-commerce
lancome.com,chloezhaang,74446,-0.004461779097,1,1771173985000,CAN,0.5115,31.71955,0.2013,0.7987,2026-01-11,Skincare
tissot.ch,qmillertime,139377,-0.004011317476,1,1771112746000,,,,,,,Watch
temu.com,nathaliejaber_nawfal,36978,-0.004495894468,3,1771093648000,USA,0.623,32.4869,0.3627,0.6373,2026-01-11,E-commerce
temu.com,homewithsalma,120423,-0.004597835562,4,1771022207000,,,,,,,E-commerce
nike.com,yva_landria,522492,-0.003940452838,3,1770991280000,GBR,0.5241,30.41695,0.4064,0.5936,2026-01-11,Sportswear
nike.com,dayana_madrigalp,293731,-0.003836611423,1,1770947578000,MEX,0.8052,32.82245,0.3567,0.6433,2026-01-11,Sportswear
hm.com,yaaskhalifa,36310,-0.001623800621,2,1770920044000,,,,,,,Retails
nike.com,buuchule,15706,-0.0108447535,2,1770910225000,,,,,,,Sportswear
temu.com,sirinofficial786,447529,-0.003687940757,1,1770900757000,IND,0.6758,28.547,0.472,0.528,2026-01-11,E-commerce
lancome.com,louisenmadsen,184256,-0.004640358696,1,1770836378000,,,34.18255,0.2094,0.7906,2026-01-11,Skincare
nike.com,elisasgn,66820,0.008821715472,1,1770823429000,USA,0.4181,34.5143,0.0928,0.9072,2026-01-11,Sportswear
nike.com,mariahbalsini,6983,0.002361701536,1,1770822625000,,,,,,,Sportswear
maybelline.com,glowy_chronicles,2287,0.005716798593,1,1770798445000,,,,,,,Cosmetics
temu.com,bulldogamesoficial,31628,0.006056085919,1,1770784291000,BRA,0.8811,28.12565,0.8943,0.1057,2026-01-11,E-commerce
nike.com,saintjidz,129251,-0.006115672514,1,1770753647000,,,,,,,Sportswear
temu.com,keys.guzman,1083077,-0.00195646856,1,1770751651000,DOM,0.2562,29.8183,0.2293,0.7707,2026-01-11,E-commerce
nike.com,francis_bourgeois43,2644757,0.0002195955691,1,1770750949000,GBR,0.5951,30.51645,0.317,0.683,2026-01-11,Sportswear
maybelline.com,aphrodite_kourtaki,36017,0.08084506197,1,1770721890000,,,33.14105,0.1086,0.8914,2026-01-11,Cosmetics
maybelline.com,upinthehype,160571,0.001992965837,2,1770653712000,USA,0.4642,,,,2026-01-11,Cosmetics
temu.com,k.alzoubii,353882,-0.004374896254,1,1770643698000,USA,0.2181,27.1733,0.6884,0.3116,2026-01-11,E-commerce
temu.com,apple.sunconure,41520,-0.002069961601,1,1770643077000,USA,0.4797,,,,2026-01-11,E-commerce
maybelline.com,konstantivaa,52381,0.01598496445,1,1770638405000,,,28.30005,0.2072,0.7928,2026-01-11,Cosmetics
hm.com,bontuwithbows,138248,0.00007957348611,1,1770616616000,IND,0.6552,29.4731,0.2492,0.7508,2026-01-11,Retails
samsung.com,iphilgood,310487,-0.00896279864,1,1770591033000,USA,0.8163,,,,2026-01-11,Smartphone
temu.com,alexgallete,1012311,0.002062902694,1,1770398923000,BRA,0.8817,28.7432,0.4459,0.5541,2026-01-11,E-commerce
maybelline.com,sterremarith,47556,-0.0008132968615,1,1770382421000,USA,0.6132,28.6283,0.2299,0.7701,2026-01-11,Cosmetics
maybelline.com,tateviklolita,3565,0.004636869477,1,1770381291000,,,,,,,Cosmetics
clinique.com,zelietimothy,630534,0.008237323367,1,1770321653000,USA,0.8163,30.8521,0.3512,0.6488,2026-01-11,Skincare
nike.com,kianaamn,122394,-0.002949789525,1,1770311816000,USA,0.8163,,,,2026-01-11,Sportswear
maybelline.com,szabokitta,86585,,1,1770288929000,JPN,0.3141,32.27935,0.3245,0.6755,2026-01-11,Cosmetics
temu.com,oiemabi,56878,-0.00001818742873,2,1770242066000,BRA,0.8582,30.8333,0.2433,0.7567,2026-01-11,E-commerce
lancome.com,luciallamas,413132,0.01620738766,1,1770238024000,MEX,0.7828,28.6862,0.3062,0.6938,2026-01-11,Skincare
nike.com,jaashlyn,57513,-0.004489407225,2,1770123673000,USA,0.4639,30.0212,0.1801,0.8199,2026-01-11,Sportswear
temu.com,husmoos,2255,0.04151148355,2,1770121109000,,,,,,,E-commerce
temu.com,tameribrahiem,421590,-0.01423500858,1,1770114501000,ARE,0.2603,30.3651,0.2291,0.7709,2026-01-11,E-commerce
maybelline.com,jasyan_,2743,0.05540592536,2,1770091269000,,,,,,,Cosmetics
samsung.com,calebnatale,381436,0.08369888856,1,1770063622000,USA,0.8163,28.4824,0.3159,0.6841,2026-01-11,Smartphone
hm.com,yashitac,209841,0.01534548312,1,1770035745000,USA,0.5443,31.94995,0.3612,0.6388,2026-01-11,Retails
temu.com,ubatubaeomundo,776951,0.005611777701,2,1769951478000,BRA,0.8476,30.64625,0.7717,0.2283,2026-01-11,E-commerce
temu.com,annie_modiba_,19575,-0.0003459398197,3,1769684972000,,,,,,,E-commerce
samsung.com,dustinpoirier,5973906,-0.0002680272033,1,1769619512000,USA,0.24,31.14,0.92,0.08,2026-01-11,Smartphone
hm.com,_prerna.shetty_,181517,0.00829893958,2,1769618173000,,,,,,,Retails
hm.com,gmakessense,33748,-0.0017442839,2,1769596418000,,,32.75845,0.223,0.777,2026-01-11,Retails
temu.com,lea_and_tea,25158,-0.000893601811,1,1769531079000,DEU,0.479,31.47205,0.4213,0.5787,2026-01-11,E-commerce
lancome.com,lauramcgoldrick13,87973,-0.0006134481466,1,1769491162000,USA,0.4355,30.37385,0.7932,0.2068,2026-01-11,Skincare
temu.com,eliante7,292957,-0.0007103878386,1,1769446273000,USA,0.8151,33.3622,0.2274,0.7726,2026-01-11,E-commerce
hm.com,sonaltamanng,29534,0.06068016989,1,1769433713000,,,,,,,Retails
hm.com,robin_singh_23,217856,-0.008388851485,1,1769433089000,IND,0.7678,33.1801,0.3162,0.6838,2026-01-11,Retails
hm.com,autizmen,177763,-0.02024945298,1,1769430465000,,,,,,,Retails
hm.com,itstherealshai,175191,-0.006381958283,2,1769429714000,IND,0.7469,37.7026,0.4984,0.5016,2026-01-11,Retails
lancome.com,dilansabah,318024,-0.001093813034,1,1769419608000,USA,0.5611,31.17405,0.1186,0.8814,2026-01-11,Skincare
hm.com,thevixenscrew,1005878,0.00395241926,2,1769332966000,IND,0.7772,31.1906,0.3713,0.6287,2026-01-11,Retails
hm.com,vishnupriyaaa,360568,0.01172971138,1,1769332743000,IND,0.7856,30.63835,0.3731,0.6269,2026-01-11,Retails
temu.com,10eegaming,127112,-0.003936606919,1,1769306780000,USA,0.786,34.67495,0.2878,0.7122,2026-01-11,E-commerce
temu.com,maariyanisa,48139,0.02423321585,1,1769267772000,GBR,0.5339,,,,2026-01-11,E-commerce
maybelline.com,cathyyzhangg,2003,0.01074726026,1,1769236573000,,,,,,,Cosmetics
gucci.com,jake.fleming,339591,-0.002065860697,1,1769192043000,USA,0.8253,32.9591,0.2517,0.7483,2026-01-11,Retails
maybelline.com,kylieachapman,2531,,3,1769134546000,,,,,,,Cosmetics
nike.com,samevanslife,131836,-0.0007919140091,1,1769028610000,USA,0.2725,29.64885,0.5983,0.4017,2026-01-11,Sportswear
maybelline.com,garifalia.kalifoni,324589,0.002226157123,1,1769011267000,USA,0.4818,29.7408,0.1929,0.8071,2026-01-11,Cosmetics
temu.com,hassan_.bh1,239624,-0.0008845846384,1,1768998482000,USA,0.64,31.91045,0.6484,0.3516,2026-01-11,E-commerce
maybelline.com,nadinebishayy,9411,0.002267581487,1,1768981973000,,,,,,,Cosmetics
samsung.com,itstregreen,40265,0.007895826861,1,1768942882000,,,,,,,Smartphone
temu.com,aptoo06,109113,0.0003850702753,3,1768941614000,,,,,,,E-commerce
maybelline.com,mihaeladragicevic,4711,0.001440092166,13,1768934733000,,,,,,,Cosmetics
temu.com,dimaalabdalla,300457,0.02726663521,2,1768928700000,ESP,0.2409,,,,2026-01-11,E-commerce
temu.com,geyselauany,438031,0.02034488944,1,1768846763000,BRA,0.8823,,,,2026-01-11,E-commerce
temu.com,layankayyal1,413244,-0.002721442621,1,1768830324000,USA,0.2637,30.1984,0.323,0.677,2026-01-11,E-commerce
maybelline.com,kristenzinghini,4266,0.08919280511,1,1768803838000,,,,,,,Cosmetics
temu.com,mostrandocomosefaz,747155,0.008329602521,3,1768739816000,BRA,0.8724,30.9178,0.1062,0.8938,2026-01-11,E-commerce
temu.com,biola.adekoya,15642,-0.0008036183431,1,1768672534000,,,,,,,E-commerce
temu.com,mafersantucci,468503,,2,1768607896000,BRA,0.8506,30.94995,0.1622,0.8378,2026-01-11,E-commerce
maybelline.com,arimcclure,122486,0.0005138270869,1,1768590589000,USA,0.8163,,,,2026-01-11,Cosmetics
adidas.com,trinity_rodman,740382,,1,1768506721000,USA,0.8161,30.2148,0.2821,0.7179,2026-01-11,Sportswear
maybelline.com,mitan.m,335257,0.004554926627,1,1768474051000,JPN,0.8289,26.1145,0.2188,0.7812,2026-01-11,Cosmetics
temu.com,schaney_nia,38374,0.007877323811,1,1768038074000,,,31.25025,0.2887,0.7113,2026-01-11,E-commerce
hm.com,pinky_ndlela,23947,0.01221574098,1,1767786030000,,,,,,,Retails
adidas.com,pinky_ndlela,23947,0.01221574098,1,1767786030000,,,,,,,Sportswear
temu.com,rukiyeekomurcu,59026,-0.03179992322,3,1767711299000,USA,0.8163,,,,2026-01-11,E-commerce
hm.com,bhuvan_shettyy,154567,,1,1767414600000,,,,,,,Retails
hm.com,weareoutstation,115534,,1,1767414600000,,,,,,,Retails
hm.com,mary.ann.alexander,376253,0.01886134434,1,1767414597000,GBR,0.5339,,,,2026-01-11,Retails
temu.com,marys_newhome_inspo,112071,-0.003565331816,2,1767132210000,,,,,,,E-commerce
samsung.com,masonwattss,45244,-0.00260000517,2,1767033085000,,,27.48555,0.8469,0.1531,2026-01-11,Smartphone
hm.com,_latingirl,38930,0.006497772129,2,1766689678000,CHL,0.276,31.1071,0.2263,0.7737,2026-01-11,Retails
samsung.com,calebrownnnnn,3230184,0.001135909577,2,1766610103000,USA,0.8167,30.4724,0.111,0.889,2026-01-11,Smartphone
tissot.ch,antsimons,225086,-0.007232648257,1,1766532638000,USA,0.8163,31.9706,0.1181,0.8819,2026-01-11,Watch
samsung.com,iamtraeh,145916,,2,1766505859000,USA,0.7878,31.54415,0.1693,0.8307,2026-01-11,Smartphone
samsung.com,monicaroams,149692,-0.003715916768,1,1766504911000,USA,0.7544,31.61485,0.4477,0.5523,2026-01-11,Smartphone
lancome.com,efvaattling,70964,-0.0002914692772,8,1766497052000,,,,,,,Skincare
samsung.com,victoriajameson,130821,-0.001985830961,2,1766451452000,USA,0.7628,34.40975,0.1834,0.8166,2026-01-11,Smartphone
temu.com,fatimaramiirez,25670,-0.00461490552,3,1766415651000,ESP,0.681,,,,2026-01-11,E-commerce
temu.com,lifestylewithmeloniegraves,98556,-0.00121610118,1,1766191292000,USA,0.7884,34.67525,0.2032,0.7968,2026-01-11,E-commerce
samsung.com,brandonarmstrong,318641,0.002808299351,1,1766185918000,,,32.10475,0.2056,0.7944,2026-01-11,Smartphone
samsung.com,ileexi,148875,0.009130470148,1,1766177182000,USA,0.8142,31.9442,0.2461,0.7539,2026-01-11,Smartphone
adidas.com,__________whitney_________,7100,0.03695048927,1,1766160923000,,,,,,,Sportswear
lancome.com,b_b_w_k,58892,-0.003061533751,2,1766142263000,,,35.0305,0.2651,0.7349,2026-01-11,Skincare
samsung.com,jondrafilms,1566684,-0.006793823325,1,1766087345000,,,,,,,Smartphone
samsung.com,explore_create_capture,687012,-0.00455439261,2,1766070270000,IRL,0.3708,30.8348,0.5471,0.4529,2026-01-11,Smartphone
nike.com,nolendubuc,328664,-0.0173029831,1,1766011559000,,,,,,,Sportswear
samsung.com,thejoshvfx,670280,0.03021853158,2,1766004504000,USA,0.7601,26.64985,0.6939,0.3061,2026-01-11,Smartphone
samsung.com,jordanflom,1442858,0.01950326165,1,1766004013000,,,32.60225,0.1705,0.8295,2026-01-11,Smartphone
samsung.com,yesconnieishere,471074,-0.005358904998,1,1766002016000,USA,0.807,29.996,0.1942,0.8058,2026-01-11,Smartphone
temu.com,alinamaglas,464645,0.02587188189,1,1765974490000,ESP,0.5632,31.3848,0.2255,0.7745,2026-01-11,E-commerce
apple.com,matyouz,21314,0.007039924403,1,1765911619000,USA,0.4593,,,,2026-01-11,Smartphone
temu.com,tark.kaptan,142721,-0.003561104361,2,1765900079000,,,,,,,E-commerce
maybelline.com,mixaelamarinova,182123,0.001416289337,1,1765826007000,USA,0.2714,28.9582,0.26,0.74,2026-01-11,Cosmetics
apple.com,ayodifamily,317520,-0.00121706151,1,1765820638000,,,33.16125,0.1389,0.8611,2026-01-11,Smartphone
temu.com,ikrll7,232518,,2,1765570373000,,,,,,,E-commerce
apple.com,henryfraser0,114181,0.0063812722,1,1765564847000,,,,,,,Smartphone
apple.com,thingsihavedrawn,1003400,-0.003460610972,2,1765560242000,GBR,0.455,30.68875,0.375,0.625,2026-01-11,Smartphone
temu.com,brianna.social,2283,-0.008253692441,6,1765442418000,,,,,,,E-commerce
hm.com,kunalbhosle_,20364,-0.005622286302,2,1765370331000,,,,,,,Retails
temu.com,eslam.mohamed.hamed,40773,-0.003596078671,4,1765362322000,USA,0.2931,,,,2026-01-11,E-commerce
temu.com,pinkposhjeep,325815,,1,1765293863000,USA,0.6944,30.16595,0.2504,0.7496,2026-01-11,E-commerce
gucci.com,orioncarloto,776305,-0.004041285257,1,1765234622000,USA,0.8081,31.08465,0.3528,0.6472,2026-01-11,Retails
samsung.com,maioka.co,74828,,3,1765213234000,USA,0.8163,,,,2026-01-11,Smartphone
maybelline.com,georgiarosemua,21643,0.005576467308,1,1764952157000,GBR,0.508,30.42535,0.0694,0.9306,2026-01-11,Cosmetics
temu.com,samiraliyehv,80716,0.01515513577,1,1764930100000,,,,,,,E-commerce
nike.com,chad.warner5,42672,0.01722769796,1,1764837561000,,,,,,,Sportswear
nike.com,isaacheeney,107903,0.009989484583,1,1764837561000,AUS,0.4055,29.051,0.7373,0.2627,2026-01-11,Sportswear
shopee.com,tw.photo.jino,3700,-0.003232758621,1,1764819127000,,,,,,,E-commerce
lancome.com,makeup_veronikavargova,16357,0.00006324790649,1,1764755613000,,,33.50555,0.3862,0.6138,2026-01-11,Skincare
temu.com,haidiancaiyilin,121934,0.02078676612,1,1764677958000,GBR,0.5339,,,,2026-01-11,E-commerce
hm.com,h.zzzzz_in,77795,-0.004457643104,1,1764665659000,KOR,0.8141,33.78525,0.5597,0.4403,2026-01-11,Retails
nike.com,tayla_harris,118228,-0.001818718993,1,1764659558000,,,34.15525,0.2596,0.7404,2026-01-11,Sportswear
temu.com,antopalma_s,28122,-0.0009555404194,1,1764621200000,ITA,0.8559,31.48255,0.5122,0.4878,2026-01-11,E-commerce
nike.com,whodat_keed,84479,0.00199735599,1,1764411788000,USA,0.3953,,,,2026-01-11,Sportswear
nike.com,gwendo_authentic,81288,0.004498047551,1,1764352896000,FRA,0.7982,31.6,0.3019,0.6981,2026-01-11,Sportswear
apple.com,enriquealex,333465,0.00350091887,1,1764349135000,ESP,0.6746,30.9337,0.1353,0.8647,2026-01-11,Smartphone
hm.com,ponahalo,32755,-0.001311055552,1,1764313383000,USA,0.3953,,,,2026-01-11,Retails
nike.com,ponahalo,32755,-0.001311055552,1,1764313383000,USA,0.3953,,,,2026-01-11,Sportswear
maybelline.com,paolocamilli,413305,-0.001939526498,1,1764244603000,ITA,0.7592,30.88925,0.3386,0.6614,2026-01-11,Cosmetics
nike.com,coach_rio316,33641,0.004564564789,1,1764244448000,,,28.84275,0.396,0.604,2026-01-11,Sportswear
temu.com,khaled_marques,16140,-0.002657109312,7,1764207956000,BRA,0.8688,27.38945,0.7118,0.2882,2026-01-11,E-commerce
temu.com,tribe6strong,273936,-0.01034841663,2,1764176541000,USA,0.7388,35.48985,0.1363,0.8637,2026-01-11,E-commerce
maybelline.com,conilio.official,40973,-0.0003171814766,1,1764133343000,USA,0.4797,,,,2026-01-11,Cosmetics
adidas.com,emsonmallari_,112198,,2,1764106556000,USA,0.4575,30.7497,0.3748,0.6252,2026-01-11,Sportswear
nike.com,jimm.andtonic,3740,0.01039132198,1,1764090690000,,,,,,,Sportswear
temu.com,asiayarbroughh,49387,-0.01012185637,1,1763762511000,,,,,,,E-commerce
samsung.com,fabrizioquinoa,157793,-0.006021684158,3,1763748887000,USA,0.7767,32.7117,0.4844,0.5156,2026-01-11,Smartphone
samsung.com,andrewiwanicki,103973,0.02452603366,1,1763737935000,IRL,0.3948,,,,2026-01-11,Smartphone
temu.com,aylingnav,14019,,1,1763559539000,USA,0.8163,32.3186,0.4892,0.5108,2026-01-11,E-commerce
temu.com,vetto18,26409,-0.002230157086,1,1763494099000,ITA,0.8616,32.4416,0.3243,0.6757,2026-01-11,E-commerce
nike.com,gracemelanin,14623,0.0006158478172,1,1763139605000,,,,,,,Sportswear
apple.com,lakwena,112170,0.0003711229519,1,1763136150000,GBR,0.5469,30.86155,0.3795,0.6205,2026-01-11,Smartphone
temu.com,andryi_sa_anisa,11832,-0.00143472023,2,1763126923000,,,,,,,E-commerce
nike.com,tomyyy.bikz,81065,-0.01464689437,2,1763053273000,,,,,,,Sportswear
temu.com,chriswguerra,58998,0.03745515932,1,1763049034000,USA,0.7228,28.3901,0.3103,0.6897,2026-01-11,E-commerce
temu.com,mariacristiananita,32116,-0.01055301856,1,1763039968000,USA,0.3222,32.21,0.4534,0.5466,2026-01-11,E-commerce
nike.com,beamarinx,73565,,1,1763028214000,PHL,0.6136,,,,2026-01-11,Sportswear
nike.com,carmenvallejo,31420,-0.002089889851,2,1762882403000,ESP,0.6625,30.8761,0.2233,0.7767,2026-01-11,Sportswear
temu.com,alghamdi_ia,612976,-0.0001831014995,5,1762880292000,,,31.1284,0.3797,0.6203,2026-01-11,E-commerce
hm.com,mi__co.jp,103108,0.002050789889,1,1762506750000,JPN,0.835,32.32885,0.2751,0.7249,2026-01-11,Retails
hm.com,vrindasurii,459570,-0.007521797542,1,1762432473000,USA,0.6343,31.21365,0.1959,0.8041,2026-01-11,Retails
shopee.com,594blackdragon,173244,-0.001918456938,1,1762336933000,TWN,0.89,31.36,0.73,0.27,2026-01-11,E-commerce
nyxcosmetics.com,flossybaby,914002,0.003734895964,1,1762287109000,,,30.87795,0.3171,0.6829,2026-01-11,Cosmetics
temu.com,elenas.craft.studio,323328,-0.001142910096,3,1762192190000,,,,,,,E-commerce
nike.com,anetha,243415,0.029826751,1,1762189296000,,,,,,,Sportswear
temu.com,fedepunales_,322555,-0.002430870196,1,1762180122000,MEX,0.409,30.017,0.4172,0.5828,2026-01-11,E-commerce
temu.com,haus.home_,17624,-0.003997415812,3,1762162838000,,,,,,,E-commerce
hm.com,k1ms1on,191893,-0.00747909113,1,1761995226000,KOR,0.9061,30.2679,0.4232,0.5768,2026-01-11,Retails
nike.com,riamegan,146060,-0.002219161779,1,1761910424000,,,,,,,Sportswear
nike.com,antonianocca,105396,-0.005519857333,2,1761732665000,,,,,,,Sportswear
hm.com,thegmni,36191,0.0008296001327,1,1761558252000,,,,,,,Retails
temu.com,bella.minaaa,296038,,1,1761552195000,USA,0.3822,37.1827,0.1485,0.8515,2026-01-11,E-commerce
samsung.com,elliothawkey,103247,-0.001054607376,1,1761328483000,USA,0.8163,,,,2026-01-11,Smartphone
hm.com,samimiro,441762,-0.002567174958,2,1761324132000,USA,0.5306,32.9789,0.2388,0.7612,2026-01-11,Retails
hm.com,tesschristinexo,630475,-0.0008329617584,1,1761237463000,USA,0.7926,33.16525,0.1695,0.8305,2026-01-11,Retails
hm.com,richieshazam,129893,-0.0007816497425,3,1761234477000,,,,,,,Retails
lancome.com,makeupbyjpablo,9249,-0.0003137944019,1,1761188682000,,,,,,,Skincare
lancome.com,hazalkaya,7721426,-0.001690684055,1,1761066126000,TUR,0.8446,29.09285,0.2434,0.7566,2026-01-11,Skincare
maybelline.com,nadja_eric,78492,-0.003060257578,1,1761065465000,USA,0.2826,,,,2026-01-11,Cosmetics
temu.com,r_m1155,61679,-0.0009262633625,4,1761042302000,USA,0.2931,35.5442,0.3088,0.6912,2026-01-11,E-commerce
hm.com,ambikadhr,51510,-0.001784316857,1,1760943626000,GBR,0.5571,31.02025,0.18,0.82,2026-01-11,Retails
temu.com,maevamebong,237268,-0.001203936789,1,1760781089000,FRA,0.7387,30.67535,0.2246,0.7754,2026-01-11,E-commerce
shopee.com,amber_in_tainan,30066,-0.0004470985027,2,1760421210000,TWN,0.8701,29.02105,0.3733,0.6267,2026-01-11,E-commerce
nike.com,benne_nc,5692,0.001319493315,1,1760398200000,,,,,,,Sportswear
temu.com,xmertbozkurt,45933,-0.005542445171,2,1760252249000,TUR,0.8327,,,,2026-01-11,E-commerce
hm.com,singini_chowdhury,124104,0.02331163926,4,1760077033000,IND,0.7677,30.8246,0.3276,0.6724,2026-01-11,Retails
nike.com,afffirmations,906313,-0.005589976157,3,1760033763000,,,27.9638,0.4209,0.5791,2026-01-11,Sportswear
hm.com,vittoria,2036408,0.003367209079,1,1759597134000,USA,0.8165,31.4813,0.2498,0.7502,2026-01-11,Retails
temu.com,modern.cave,506487,0.007488188149,1,1759586209000,,,38.6485,0.3931,0.6069,2026-01-11,E-commerce
adidas.com,iam_trixafa.ent,62870,-0.0007747687613,1,1759528101000,USA,0.5074,30.3438,0.3799,0.6201,2026-01-11,Sportswear
maybelline.com,wakky.12389,5403,-0.004279676884,1,1759491889000,,,,,,,Cosmetics
hm.com,mrstreetpeeper,402463,,1,1759412123000,USA,0.8162,28.1354,0.3967,0.6033,2026-01-11,Retails
maybelline.com,natalia.katarto,2996,0.01753230194,1,1759393760000,,,,,,,Cosmetics
hm.com,priyamyonzon,157147,-0.008273020672,1,1759152899000,IND,0.7913,31.6661,0.7633,0.2367,2026-01-11,Retails
gucci.com,yesly,1955506,-0.004508067671,1,1758911134000,USA,0.6419,,,,2026-01-11,Retails
temu.com,ugclimmy,13887,-0.008496358703,3,1758796850000,USA,0.4797,,,,2026-01-11,E-commerce
clinique.com,nicoletortolani,311173,,1,1758758576000,USA,0.301,31.8918,0.3155,0.6845,2026-01-11,Skincare
maybelline.com,vatsalamalhotraseth,17141,-0.00631884058,1,1758720587000,,,,,,,Cosmetics
hm.com,ramihanna,50654,,1,1758697626000,,,29.0923,0.2207,0.7793,2026-01-11,Retails
temu.com,homebyfar,102869,-0.001930764156,1,1758560514000,USA,0.3832,35.227,0.1804,0.8196,2026-01-11,E-commerce
nike.com,justshowupclub,30932,0.003863554743,1,1758424601000,PHL,0.6136,,,,2026-01-11,Sportswear
mi.com,berlinstagram,517947,-0.0002998640065,1,1758373356000,DEU,0.4144,27.8609,0.4736,0.5264,2026-01-11,Smartphone
temu.com,nawmeche,5199,,1,1758339357000,,,,,,,E-commerce
temu.com,dida_abir,206348,-0.001488649565,1,1758293146000,ARE,0.3028,30.0218,0.4254,0.5746,2026-01-11,E-commerce
temu.com,bhavie11,3911,-0.002550369804,1,1758282727000,,,,,,,E-commerce
temu.com,johnny.and.jax,6467,-0.01252099557,1,1758168502000,,,,,,,E-commerce
temu.com,heckin.sick,115576,,1,1758150284000,USA,0.8163,,,,2026-01-11,E-commerce
nike.com,danielleburnett__,109574,-0.006613320259,1,1758046604000,,,29.35615,0.1372,0.8628,2026-01-11,Sportswear
temu.com,brusali.7,497048,0.002231355331,1,1757927328000,,,,,,,E-commerce
nike.com,lisa.zimouche,2029880,,2,1757869557000,USA,0.4805,32.6893,0.5535,0.4465,2026-01-11,Sportswear
temu.com,its.shaikho,827040,0.01414827044,1,1757838676000,USA,0.2303,29.5426,0.4912,0.5088,2026-01-11,E-commerce
lancome.com,camilapliego,46514,-0.01147617631,1,1757356502000,USA,0.4842,,,,2026-01-11,Skincare
temu.com,ugc_lhadeay,1382,-0.01469017094,2,1757058308000,,,,,,,E-commerce
nike.com,brettsbites,162191,0.01680421753,1,1757001628000,USA,0.8163,,,,2026-01-11,Sportswear
maybelline.com,6y_day,304068,-0.001304775069,1,1756902011000,HKG,0.8464,29.0637,0.2284,0.7716,2026-01-11,Cosmetics
nike.com,lafamilycurly,100060,0.02791365348,1,1756230783000,,,,,,,Sportswear
temu.com,escalanteari,6396,,4,1756158232000,,,,,,,E-commerce
temu.com,kvmciv96,20543,,3,1756145487000,POL,0.814,29.3684,0.1842,0.8158,2026-01-11,E-commerce
temu.com,fatheeyah_,66700,0.02956021517,2,1756102488000,GBR,0.5339,,,,2026-01-11,E-commerce
hm.com,_foxxex,6174,-0.002969012881,1,1755600036000,,,,,,,Retails
temu.com,paterknowstv,23874,-0.002884797874,1,1755337055000,PHL,0.6136,,,,2026-01-11,E-commerce
nike.com,coachmattmazarei,178016,0.0002494676338,1,1755108287000,USA,0.7487,28.2894,0.3645,0.6355,2026-01-11,Sportswear
temu.com,kingoffailsshow,213272,,1,1754823505000,USA,0.4139,28.4777,0.9003,0.0997,2026-01-11,E-commerce
maybelline.com,ayalilyflowers,377030,-0.003470395911,1,1754647085000,JPN,0.8297,30.74595,0.3398,0.6602,2026-01-11,Cosmetics
temu.com,laboratoriodiy,92550,0.106586061,3,1754434813000,MEX,0.2868,31.4309,0.3823,0.6177,2026-01-11,E-commerce
temu.com,yunovaa_,6837,-0.002118524377,1,1753332634000,,,,,,,E-commerce
apple.com,1whydee,159774,-0.006170458928,1,1752236025000,GBR,0.5339,,,,2026-01-11,Smartphone
temu.com,mariami_mardaleishvili,11871,-0.08029006093,1,1752063041000,,,,,,,E-commerce
hm.com,karanseerah,205812,,1,1751024960000,IND,0.7683,32.48545,0.4584,0.5416,2026-01-11,Retails
temu.com,luanaxsoares,1101805,0.004602660389,1,1750929484000,AUS,0.3896,31.5105,0.4623,0.5377,2026-01-11,E-commerce
temu.com,mendozayuna,75595,-0.004930194171,1,1750727768000,ESP,0.2498,,,,2026-01-11,E-commerce
temu.com,iimaginadora,4314,-0.006901311249,1,1750642344000,,,,,,,E-commerce
temu.com,simplymadhoohome,570,-0.001751313485,1,1750328700000,,,,,,,E-commerce
temu.com,createwith.jade,5201,0.03111216383,1,1749798678000,,,,,,,E-commerce
mi.com,jigpx,766248,,1,1749693820000,,,,,,,Smartphone
temu.com,orkhan_selimov,319431,-0.008887204106,2,1749657015000,,,,,,,E-commerce
hm.com,futa_sakaguchi,29920,,1,1749458797000,JPN,0.821,29.46625,0.1706,0.8294,2026-01-11,Retails
temu.com,heer_chatterbox_,1270,-0.1016163132,2,1749126102000,,,,,,,E-commerce
temu.com,jazzieandmicaela,28577,,4,1748570987000,USA,0.6473,,,,2026-01-11,E-commerce
temu.com,cour_tneey,4553,-0.01764338038,3,1748414377000,,,,,,,E-commerce
lancome.com,mertkenger,106595,-0.0009976253494,1,1748358062000,USA,0.397,31.2459,0.3963,0.6037,2026-01-11,Skincare
nyxcosmetics.com,dramaticashton,2442,,1,1748279826000,,,,,,,Cosmetics
zara.com,brownie_familyskg,10944,,1,1747518232000,,,,,,,Retails
temu.com,juniordamiaoo,696575,-0.003142191582,2,1747168624000,,,32.7881,0.3511,0.6489,2026-01-11,E-commerce
temu.com,h.a.r.u20,22929,,1,1747152386000,USA,0.3131,,,,2026-01-11,E-commerce
lancome.com,ayanekotan,64902,-0.002820661766,1,1746781013000,,,,,,,Skincare
gucci.com,ahustle_lucky_lefteyeluci,1752,-0.009049773756,1,1746737717000,,,,,,,Retails
nike.com,thatsamazing,190395,-0.002446794019,5,1746370027000,USA,0.8167,31.2857,0.1801,0.8199,2026-01-11,Sportswear
chanel.com,bluecra_z,883,-0.002421307506,10,1745778927000,,,,,,,Retails
nike.com,dhruv_uzir,991,,1,1745637711000,,,,,,,Sportswear
nike.com,redcarpetgirlz,960805,-0.002889030116,2,1745593958000,,,,,,,Sportswear
maybelline.com,miiko_no_,9312,-0.008095440988,2,1744900832000,,,,,,,Cosmetics
hm.com,kirsylovett,17267,,1,1744404558000,USA,0.8163,,,,2026-01-11,Retails
hm.com,felixsandman,385106,-0.00346160883,1,1744393297000,USA,0.6353,30.8023,0.2482,0.7518,2026-01-11,Retails
nyxcosmetics.com,shicanfly,116488,-0.00009442141134,1,1743787221000,USA,0.7528,29.1023,0.2966,0.7034,2026-01-11,Cosmetics
maybelline.com,cecilystrong,662629,,2,1743440734000,,,,,,,Cosmetics
lancome.com,sharina.wckslr,12524,0.004572070266,1,1743412234000,,,,,,,Skincare
lancome.com,lindow_ozaki,2563968,,1,1743243940000,USA,0.5313,32.00425,0.7556,0.2444,2026-01-11,Skincare
lancome.com,martini15to,79075,-0.003314931054,1,1743066009000,JPN,0.8411,34.87835,0.2693,0.7307,2026-01-11,Skincare
adidas.com,lor_mehrdadam_taheri,68,,1,1743025996000,,,,,,,Sportswear
nike.com,lor_mehrdadam_taheri,68,,1,1743025996000,,,,,,,Sportswear
temu.com,jula.kolaczek,126661,-0.002968874746,4,1742821354000,POL,0.6554,30.64345,0.3721,0.6279,2026-01-11,E-commerce
nike.com,deejay__blake,898,,1,1742515743000,,,,,,,Sportswear
temu.com,julie_atara,76862,-0.00390277055,8,1742343216000,,,,,,,E-commerce
temu.com,araai.aman,56967,-0.001357115271,2,1742230632000,RUS,0.4532,32.0165,0.5999,0.4001,2026-01-11,E-commerce
hm.com,dom.overseas,52309,0.02816652253,1,1742200533000,USA,0.4593,,,,2026-01-11,Retails
temu.com,arabphonee,38375,0.001484774314,2,1741421803000,,,,,,,E-commerce
hm.com,nabilahkariem,125796,0.0009240350764,2,1740507713000,,,31.22665,0.403,0.597,2026-01-11,Retails
dior.com,iamsineca,1533,0.01792828685,1,1739283743000,,,,,,,Retails
dior.com,yeungchinggg.terra,49158,0.2350660356,1,1739095921000,HKG,0.7847,33.62055,0.1282,0.8718,2026-01-11,Retails
temu.com,mr_falak_abbas,24108,,2,1739056911000,USA,0.3929,,,,2026-01-11,E-commerce
apple.com,cbphilosopher,507,0.003600360036,1,1738808859000,,,,,,,Smartphone
nike.com,fikarvibes.horizon,4827,-0.01109841253,1,1738417339000,,,,,,,Sportswear
temu.com,our.mountain.life,19627,-0.002598033402,3,1738058171000,USA,0.4797,,,,2026-01-11,E-commerce
temu.com,ashley_htxrealtor,18639,-0.0003754156387,1,1737913168000,USA,0.8163,,,,2026-01-11,E-commerce
temu.com,weaves.and.looms,27533,,1,1737330009000,USA,0.5473,,,,2026-01-11,E-commerce
temu.com,joaovarela__,170578,0.004617306959,3,1737221892000,BRA,0.7386,33.3344,0.2452,0.7548,2026-01-11,E-commerce
temu.com,eugicarolina,82798,-0.003089272501,2,1736550177000,BRA,0.8848,31.97405,0.3353,0.6647,2026-01-11,E-commerce
gucci.com,rasso.az,2170,-0.008636894782,1,1736538818000,,,,,,,Retails
temu.com,isabellathatgirll,243524,,2,1736348838000,,,,,,,E-commerce
temu.com,dublajlee,102638,-0.01235396288,3,1735739971000,,,,,,,E-commerce
maybelline.com,cakefacehaze,30920,,3,1735100331000,USA,0.8072,30.8269,0.1457,0.8543,2026-01-11,Cosmetics
temu.com,gunsmokethedobie,17646,,1,1734716229000,USA,0.7728,34.9626,0.2713,0.7287,2026-01-11,E-commerce
temu.com,alejandrojimenez_3,3375,-0.001774622893,2,1734701704000,,,,,,,E-commerce
temu.com,queenafiaschwarzenegger,2942181,0.00008896347495,1,1734418017000,USA,0.7206,32.0771,0.9308,0.0692,2026-01-11,E-commerce
temu.com,nataliehakanssonn,51462,,2,1733930576000,USA,0.4593,33.8582,0.3314,0.6686,2026-01-11,E-commerce
temu.com,tovahnovak,76618,-0.001693855214,4,1733174006000,,,,,,,E-commerce
adidas.com,pameph,202662,,1,1732993056000,,,,,,,Sportswear
temu.com,outfitacasamia,19804,-0.00283175594,5,1732956876000,ITA,0.8292,28.99105,0.2561,0.7439,2026-01-11,E-commerce
temu.com,ricesouup,43,,2,1732937355000,,,,,,,E-commerce
nike.com,thegarmentdeals,9344,-0.001654259719,1,1732900142000,,,,,,,Sportswear
lancome.com,georginaamoros,3445655,-0.003926435875,2,1732727453000,ESP,0.6551,31.2376,0.1644,0.8356,2026-01-11,Skincare
temu.com,andresbundchen,129189,0.01308266162,3,1732646312000,USA,0.6497,33.788,0.3297,0.6703,2026-01-11,E-commerce
temu.com,its_stelia,23891,-0.001291916025,1,1732624160000,,,,,,,E-commerce
temu.com,luqman_rahman1,343507,-0.005329680349,1,1732545106000,USA,0.571,32.696,0.3939,0.6061,2026-01-11,E-commerce
temu.com,willowbloomhome,87321,-0.001086757573,1,1732541122000,USA,0.5473,,,,2026-01-11,E-commerce
temu.com,itscaioeduardo,5217,-0.007728686307,5,1732487513000,,,,,,,E-commerce
temu.com,petrillielena,10275,,2,1732262992000,,,,,,,E-commerce
hm.com,harinef,1020471,-0.0001371727328,1,1732032354000,DEU,0.6361,30.5658,0.4305,0.5695,2026-01-11,Retails
adidas.com,sobeidasg,5305,-0.0002174606396,1,1731195587000,,,,,,,Sportswear
hm.com,adaamaraaa,501668,-0.01260732533,1,1730651779000,USA,0.4444,29.4647,0.4059,0.5941,2026-01-11,Retails
nyxcosmetics.com,lillyteel,92694,-0.00443575671,5,1730232077000,USA,0.8067,31.47185,0.3486,0.6514,2026-01-11,Cosmetics
hm.com,victoriouslogan,137447,,1,1729800942000,USA,0.7274,30.9863,0.4129,0.5871,2026-01-11,Retails
tissot.ch,alexiskmorgan,119486,,3,1729542426000,USA,0.8163,,,,2026-01-11,Watch
temu.com,vanessakarolasalvo,49265,-0.001965074349,1,1728916088000,ITA,0.8034,29.1028,0.2326,0.7674,2026-01-11,E-commerce
temu.com,empajonate,63549,-0.0005432785718,2,1728472800000,MEX,0.2532,28.91465,0.2649,0.7351,2026-01-11,E-commerce
temu.com,enzus93,9285,-0.001953983684,1,1727613188000,,,,,,,E-commerce
temu.com,salvatore_cerullo,102401,-0.001291926677,2,1727595897000,ITA,0.8555,30.88335,0.3629,0.6371,2026-01-11,E-commerce
temu.com,karcyaa,9863,,1,1727450439000,,,,,,,E-commerce
maybelline.com,ideaizo,63400,-0.002153951468,1,1727425818000,JPN,0.8336,30.7012,0.3329,0.6671,2026-01-11,Cosmetics
temu.com,dorrysdiary,1257,-0.002164502165,1,1727374591000,,,,,,,E-commerce
dior.com,rashmibhanja22,175247,-0.002170850329,2,1727366384000,,,,,,,Retails
temu.com,momyeplans,6642,,1,1726841374000,,,,,,,E-commerce
temu.com,mil_e_uma_aventuras,115082,-0.004919445475,3,1726753260000,BRA,0.7206,28.29375,0.2627,0.7373,2026-01-11,E-commerce
temu.com,adriansunriseinc,10124,,1,1726747540000,,,,,,,E-commerce
hm.com,moon_lane84,680,-0.001421060111,1,1726587802000,,,,,,,Retails
temu.com,cissifio,206978,-0.002444758101,1,1726584341000,USA,0.5996,33.4188,0.368,0.632,2026-01-11,E-commerce
temu.com,lamiacasailmiostile_homedecor,5090,-0.001248506251,2,1726327555000,,,,,,,E-commerce
temu.com,mamafit_813,269,,1,1726001836000,,,,,,,E-commerce
lancome.com,moeka__yahagi,204102,-0.001458169934,1,1725454015000,JPN,0.8034,30.11265,0.5358,0.4642,2026-01-11,Skincare
adidas.com,melanie_leupolz,286389,-0.004369653146,1,1724947831000,DEU,0.3858,27.0859,0.3122,0.6878,2026-01-11,Sportswear
nike.com,nhnl.li_shawn,13349,-0.01180383462,1,1724721867000,USA,0.8163,,,,2026-01-11,Sportswear
adidas.com,jalal_models,134298,,1,1723955820000,USA,0.6721,,,,2026-01-11,Sportswear
zara.com,jalal_models,134298,,1,1723955820000,USA,0.6721,,,,2026-01-11,Retails
chanel.com,jalal_models,134298,,1,1723955820000,USA,0.6721,,,,2026-01-11,Retails
nike.com,kaepernick7,3485376,-0.001681021083,1,1723503805000,,,,,,,Sportswear
nike.com,andersontwins2029,6778,0.4106139438,1,1722444291000,,,,,,,Sportswear
apple.com,macho_141st,253,0.00796812749,1,1722255481000,,,,,,,Smartphone
nike.com,galorys.gustavo,527,0.02254932665,1,1720100051000,,,,,,,Sportswear
temu.com,alkobimicaella_,152237,-0.004622606967,2,1720076775000,,,,,,,E-commerce
apple.com,murodullayev_sobir,666,0.01302648719,1,1719721223000,,,,,,,Smartphone
tissot.ch,klaythompson,16671393,,1,1719430158000,USA,0.8157,30.69135,0.365,0.635,2026-01-11,Watch
nyxcosmetics.com,artistry.bri,16972,-0.002190838022,3,1718662579000,,,,,,,Cosmetics
tissot.ch,justinpippen,101323,0.01015533016,1,1718301692000,,,,,,,Watch
adidas.com,jeffabreu.rd,756,0.01476510067,1,1717460159000,,,,,,,Sportswear
zara.com,ferranmacian,6691,,1,1717092802000,,,,,,,Retails
temu.com,officialhungrylips,33386,-0.002436665372,2,1716712297000,USA,0.7363,33.09385,0.2371,0.7629,2026-01-11,E-commerce
nike.com,bk_afro10,10068,,1,1716565691000,FRA,0.8063,33.92045,0.3377,0.6623,2026-01-11,Sportswear
nike.com,maryannjenkk,95031,-0.005256494657,1,1714759189000,,,,,,,Sportswear
nike.com,x.31rod,11242,,1,1714278716000,,,,,,,Sportswear
adidas.com,ravi_tallewal_,421,0.004339336082,1,1711556488000,,,,,,,Sportswear
nike.com,leianity,21669,-0.006168201074,2,1710878619000,,,,,,,Sportswear
zara.com,___luna.c_,495,0.03810520024,1,1709567828000,,,,,,,Retails
adidas.com,badal_choudhury_official,119790,0.0005529867911,1,1704047966000,,,28.1998,0.3782,0.6218,2026-01-11,Sportswear
nike.com,shuzyy_,1488,,1,1703352614000,,,,,,,Sportswear
apple.com,amielvonlourdes,20882,-0.02309329692,1,1702999774000,,,,,,,Smartphone
adidas.com,heisdiceyy,421,-0.01998001998,1,1702872884000,,,,,,,Sportswear
nike.com,heisdiceyy,421,-0.01998001998,2,1702872884000,,,,,,,Sportswear
temu.com,foodichihuo,100123,-0.006432858401,1,1702520883000,,,,,,,E-commerce
adidas.com,jakskiiii,1001,0.002002002002,1,1701405140000,,,,,,,Sportswear
hm.com,teachingmensfashion,2259757,-0.008834167143,1,1699663460000,,,,,,,Retails
nike.com,leah.tare,65519,-0.003341304708,1,1699118250000,GBR,0.5296,29.36165,0.275,0.725,2026-01-11,Sportswear
maybelline.com,caitlinrraine,25510,-0.003929302775,1,1698765381000,USA,0.7837,29.02745,0.17,0.83,2026-01-11,Cosmetics
gucci.com,pinogesuele,511,0.007635044856,1,1693844849000,,,,,,,Retails
temu.com,_luana_1983,56846,-0.001978712879,1,1691777800000,,,,,,,E-commerce
dior.com,bogagh,62682,-0.000116010963,1,1689053085000,,,,,,,Retails
lancome.com,falcofritz,23704,,1,1688296321000,,,,,,,Skincare
dior.com,falcofritz,23704,,1,1688296321000,,,,,,,Retails
adidas.com,crash_money_420,4729,-0.004062716302,1,1688150228000,,,,,,,Sportswear
gucci.com,babaeffect_h_records,931,-0.06857253235,7,1688143638000,,,,,,,Retails
nike.com,iam_ky_ro,811,-0.002380668968,1,1688090365000,,,,,,,Sportswear
hm.com,losrulesoficial,861732,-0.002493384544,1,1687211944000,MEX,0.7671,31.4521,0.1669,0.8331,2026-01-11,Retails
dior.com,yagomagicshow,24124,-0.0008817328991,1,1681039987000,,,,,,,Retails
nike.com,asna_star77,1550,0.01558160016,1,1679670793000,,,,,,,Sportswear
adidas.com,kinotipster,719,-0.006683300659,1,1671450463000,,,,,,,Sportswear
hm.com,gatsuh,39800,,1,1671322945000,IDN,0.8653,29.28845,0.4393,0.5607,2026-01-11,Retails
adidas.com,harsh_03333,671,,1,1670944453000,,,,,,,Sportswear
samsung.com,wallstreetpaper,180570,,1,1670891047000,,,,,,,Smartphone
adidas.com,csyregrey,141837,,1,1667041760000,DEU,0.3881,,,,2026-01-11,Sportswear
nike.com,_brie.b,14610,0.001164942096,1,1666788383000,,,,,,,Sportswear
hm.com,jontylerworld,15414,,1,1666343441000,,,,,,,Retails
gucci.com,satindergilll_,2169,,1,1666078673000,,,,,,,Retails
nike.com,mx7.abd_16,1471,,4,1665484757000,,,,,,,Sportswear
hm.com,anittos,14229,-0.0009829389876,1,1665396296000,RUS,0.4087,33.2054,0.28,0.72,2026-01-11,Retails
apple.com,ermokz,198412,-0.00243744104,1,1664314777000,,,,,,,Smartphone
nike.com,rriley,83497,0.0002202627851,1,1652953774000,SGP,0.4126,30.7027,0.2471,0.7529,2026-01-11,Sportswear
dior.com,mattl14,19652,-0.0004291490769,3,1651404301000,,,,,,,Retails
dior.com,fancy_fazz,118177,,4,1651290816000,,,,,,,Retails
tissot.ch,alexdim_,30058,,1,1650896456000,,,,,,,Watch
nike.com,thejoewhale,206313,-0.001905335564,1,1647886277000,USA,0.4546,31.06715,0.4414,0.5586,2026-01-11,Sportswear
gucci.com,tendertyler,28455,-0.002661112279,1,1641931961000,USA,0.8163,,,,2026-01-11,Retails
nike.com,_shd_003_,7301,-0.00123119015,1,1636182365000,,,,,,,Sportswear
maybelline.com,rogermuru,61115,-0.003115518873,1,1634061961000,,,,,,,Cosmetics
maybelline.com,getthelouk,217060,-0.001876620361,2,1632931574000,,,,,,,Cosmetics
nike.com,balancebymari,13968,-0.003048681607,1,1632428151000,USA,0.8023,33.4274,0.2613,0.7387,2026-01-11,Sportswear
nike.com,masynmasyn,14592,0.003063016884,7,1632365232000,,,,,,,Sportswear
gucci.com,kallebdaniel,12952,0.005043842632,1,1630541662000,BRA,0.8712,31.66705,0.419,0.581,2026-01-11,Retails
lancome.com,rain9115,141,,1,1630160093000,,,,,,,Skincare
adidas.com,nglkante,16512092,-0.00212391954,1,1629917931000,,,,,,,Sportswear
adidas.com,vitality_neo,31494,0.001414351169,1,1628004085000,USA,0.5585,28.3822,0.4101,0.5899,2026-01-11,Sportswear
adidas.com,cetintazeler,145688,-0.001285232507,1,1625673358000,,,,,,,Sportswear
nike.com,feargain,15668,,1,1625537582000,USA,0.8163,,,,2026-01-11,Sportswear
nike.com,pinghatta,34180,,1,1622775509000,,,,,,,Sportswear
adidas.com,christofferrambo,2486,0.0003772635815,1,1622482117000,,,,,,,Sportswear
nyxcosmetics.com,justnemakeup,22874,-0.00370225184,1,1613504960000,,,,,,,Cosmetics
adidas.com,batuyenigulofficial,915,0.004995004995,1,1613309623000,,,,,,,Sportswear
dior.com,shazir.mucklai,239458,-0.0006487301013,3,1612570805000,,,,,,,Retails
dior.com,dacksfiness,27104,0.001108074167,1,1606260656000,USA,0.8163,,,,2026-01-11,Retails
hm.com,alexajeanfitness,1314171,-0.001640034289,1,1602103889000,,,,,,,Retails
dior.com,jamesgodrick_officiel,125387,,1,1597529279000,,,29.662,0.2962,0.7038,2026-01-11,Retails
dior.com,dzlioo,18281,-0.001291110703,2,1597061814000,DEU,0.3637,,,,2026-01-11,Retails
dior.com,johnathenmadoxx,10634,-0.0002644072577,3,1586167669000,,,,,,,Retails
dior.com,mathilde.masj,536,0.005116834385,1,1580063512000,,,,,,,Retails
nike.com,juliuskade,12476,-0.00210824761,1,1572860788000,,,,,,,Sportswear
nike.com,guidemelox,2512,-0.002382843527,1,1570904409000,,,,,,,Sportswear
dior.com,therealgoosebumps,101534,0.04328498346,3,1568391428000,,,,,,,Retails
hm.com,carolinewatson_,125974,-0.001150941061,1,1567066255000,,,,,,,Retails
zara.com,mcjapao,557494,-0.000642190371,1,1560371726000,BRA,0.8545,33.7947,0.433,0.567,2026-01-11,Retails
gucci.com,shelengovskiy,12146699,-0.002525266208,2,1559087804000,,,,,,,Retails
adidas.com,xerzajullian,1249632,-0.002010857808,1,1541326081000,,,,,,,Sportswear
nike.com,xerzajullian,1249632,-0.002010857808,2,1541326081000,,,,,,,Sportswear
adidas.com,jackhellman,263114,-0.000911293201,3,1530738479000,,,,,,,Sportswear
gucci.com,nikitagagarinn,53351,-0.0008614716183,1,1528398493000,,,,,,,Retails
nike.com,jelena_d_topic,534269,-0.001172666158,3,1490264125000,,,,,,,Sportswear
